DroneEnemy(Clone) (UnityEngine.GameObject),E(Clone) (UnityEngine.GameObject),1,6,1,0,0,1,N/A,N/A
Bullet(Clone) (UnityEngine.GameObject),E(Clone) (UnityEngine.GameObject),1,6,1,0,0,1,N/A,N/A
Box(Clone) (UnityEngine.GameObject),B(Clone) (UnityEngine.GameObject),2,6,1,1,0,1,-1.801018,0.7797825
DroneEnemy(Clone) (UnityEngine.GameObject),E(Clone) (UnityEngine.GameObject),3,6,2,1,0,1,0.02014542,2.260927
DroneEnemy(Clone) (UnityEngine.GameObject),E(Clone) (UnityEngine.GameObject),4,6,3,0,0,1,N/A,N/A
Bullet(Clone) (UnityEngine.GameObject),E(Clone) (UnityEngine.GameObject),4,6,3,-1,0,1,-9.168118,1.8526
Lava_lvl_1(Clone) (UnityEngine.GameObject),L(Clone) (UnityEngine.GameObject),5,6,1,0,0,0,N/A,N/A
Box(Clone) (UnityEngine.GameObject),B(Clone) (UnityEngine.GameObject),6,6,2,1,0,1,-2.236351,2.776021
Explosive(Clone) (UnityEngine.GameObject),X(Clone) (UnityEngine.GameObject),7,6,1,0,0,1,N/A,N/A
Explosive(Clone) (UnityEngine.GameObject),X(Clone) (UnityEngine.GameObject),8,6,2,0,0,1,N/A,N/A
Box(Clone) (UnityEngine.GameObject),B(Clone) (UnityEngine.GameObject),9,6,3,0,0,1,N/A,N/A
Box(Clone) (UnityEngine.GameObject),B(Clone) (UnityEngine.GameObject),10,6,4,1,0,1,-2.021759,1.462546
DroneEnemy(Clone) (UnityEngine.GameObject),E(Clone) (UnityEngine.GameObject),11,6,4,1,0,1,-1.017372,2.968422
DroneEnemy(Clone) (UnityEngine.GameObject),E(Clone) (UnityEngine.GameObject),12,6,5,0,0,1,N/A,N/A
Box(Clone) (UnityEngine.GameObject),B(Clone) (UnityEngine.GameObject),13,6,5,1,0,1,-1.964401,2.765039
Lava_lvl_1(Clone) (UnityEngine.GameObject),L(Clone) (UnityEngine.GameObject),14,6,2,0,0,0,N/A,N/A
Explosive(Clone) (UnityEngine.GameObject),X(Clone) (UnityEngine.GameObject),15,6,3,0,0,1,N/A,N/A
Explosive(Clone) (UnityEngine.GameObject),X(Clone) (UnityEngine.GameObject),16,6,4,0,0,1,N/A,N/A
DroneEnemy(Clone) (UnityEngine.GameObject),E(Clone) (UnityEngine.GameObject),17,6,6,1,0,1,-1.215302,2.512228
Bullet(Clone) (UnityEngine.GameObject),E(Clone) (UnityEngine.GameObject),17,6,6,-1,0,1,-11.58993,1.888882
Box(Clone) (UnityEngine.GameObject),B(Clone) (UnityEngine.GameObject),18,6,6,1,0,1,-2.155174,1.491768
Box(Clone) (UnityEngine.GameObject),B(Clone) (UnityEngine.GameObject),19,6,7,1,0,1,-1.465828,0.7797825
Box(Clone) (UnityEngine.GameObject),B(Clone) (UnityEngine.GameObject),20,6,8,1,0,1,-1.390968,2.926413
Explosive(Clone) (UnityEngine.GameObject),X(Clone) (UnityEngine.GameObject),21,6,5,0,0,1,N/A,N/A
Lava_lvl_1(Clone) (UnityEngine.GameObject),L(Clone) (UnityEngine.GameObject),22,6,3,0,0,0,N/A,N/A
DroneEnemy(Clone) (UnityEngine.GameObject),E(Clone) (UnityEngine.GameObject),23,6,7,1,0,1,-0.6692352,2.984245
Bullet(Clone) (UnityEngine.GameObject),E(Clone) (UnityEngine.GameObject),23,6,7,0,0,1,N/A,N/A
Explosive(Clone) (UnityEngine.GameObject),X(Clone) (UnityEngine.GameObject),24,6,6,0,0,1,N/A,N/A
Lava_lvl_1(Clone) (UnityEngine.GameObject),L(Clone) (UnityEngine.GameObject),25,6,4,-1,0,0,-0.4626007,0.7772707
Lava_lvl_1(Clone) (UnityEngine.GameObject),L(Clone) (UnityEngine.GameObject),26,6,5,-1,0,0,-0.3397675,0.8362094
Explosive(Clone) (UnityEngine.GameObject),X(Clone) (UnityEngine.GameObject),27,6,7,0,0,1,N/A,N/A
Explosive(Clone) (UnityEngine.GameObject),X(Clone) (UnityEngine.GameObject),28,6,8,0,0,1,N/A,N/A
Lava_lvl_1(Clone) (UnityEngine.GameObject),L(Clone) (UnityEngine.GameObject),29,6,6,-1,0,0,-0.06855774,0.6271393
DroneEnemy(Clone) (UnityEngine.GameObject),E(Clone) (UnityEngine.GameObject),30,6,8,0,0,1,N/A,N/A
Bullet(Clone) (UnityEngine.GameObject),E(Clone) (UnityEngine.GameObject),30,6,8,0,0,1,N/A,N/A
Lava_lvl_1(Clone) (UnityEngine.GameObject),L(Clone) (UnityEngine.GameObject),31,6,7,-1,0,0,-0.4367981,0.7725477
Lava_lvl_1(Clone) (UnityEngine.GameObject),L(Clone) (UnityEngine.GameObject),32,6,8,-1,0,0,0.2070618,0.7105082
Lava_lvl_1(Clone) (UnityEngine.GameObject),L(Clone) (UnityEngine.GameObject),33,6,9,-1,0,0,0.1345673,0.8362947
Box(Clone) (UnityEngine.GameObject),B(Clone) (UnityEngine.GameObject),34,6,9,0,0,1,N/A,N/A
Explosive(Clone) (UnityEngine.GameObject),X(Clone) (UnityEngine.GameObject),35,6,9,0,0,1,N/A,N/A
Box(Clone) (UnityEngine.GameObject),B(Clone) (UnityEngine.GameObject),36,6,10,0,0,1,N/A,N/A
Box(Clone) (UnityEngine.GameObject),B(Clone) (UnityEngine.GameObject),37,6,11,-1,0,1,-0.6433105,1.154472
Lava_lvl_1(Clone) (UnityEngine.GameObject),L(Clone) (UnityEngine.GameObject),38,6,10,-1,0,0,-0.4238434,0.769214
Explosive(Clone) (UnityEngine.GameObject),X(Clone) (UnityEngine.GameObject),39,6,10,0,0,1,N/A,N/A
Explosive(Clone) (UnityEngine.GameObject),X(Clone) (UnityEngine.GameObject),40,6,11,-1,0,1,-0.6790009,1.251589
Explosive(Clone) (UnityEngine.GameObject),X(Clone) (UnityEngine.GameObject),1,10,1,-1,0,1,-2.158482,0.7797825
Explosive(Clone) (UnityEngine.GameObject),X(Clone) (UnityEngine.GameObject),2,10,2,-1,0,1,-2.278276,2.140564
DroneEnemy(Clone) (UnityEngine.GameObject),E(Clone) (UnityEngine.GameObject),3,10,1,0,0,1,N/A,N/A
Bullet(Clone) (UnityEngine.GameObject),E(Clone) (UnityEngine.GameObject),3,10,1,-1,0,1,-8.309355,0.2931619
Lava_lvl_1(Clone) (UnityEngine.GameObject),L(Clone) (UnityEngine.GameObject),4,10,1,-1,0,0,-0.3524437,0.7376901
Lava_lvl_1(Clone) (UnityEngine.GameObject),L(Clone) (UnityEngine.GameObject),1,11,1,0,0,0,N/A,N/A
DroneEnemy(Clone) (UnityEngine.GameObject),E(Clone) (UnityEngine.GameObject),2,11,1,0,0,1,N/A,N/A
Bullet(Clone) (UnityEngine.GameObject),E(Clone) (UnityEngine.GameObject),2,11,1,0,0,1,N/A,N/A
Box(Clone) (UnityEngine.GameObject),B(Clone) (UnityEngine.GameObject),3,11,1,-1,0,1,-0.6874847,0.7797825
Box(Clone) (UnityEngine.GameObject),B(Clone) (UnityEngine.GameObject),4,11,2,0,0,1,N/A,N/A
DroneEnemy(Clone) (UnityEngine.GameObject),E(Clone) (UnityEngine.GameObject),5,11,2,0,0,1,N/A,N/A
Bullet(Clone) (UnityEngine.GameObject),E(Clone) (UnityEngine.GameObject),5,11,2,0,0,1,N/A,N/A
Box(Clone) (UnityEngine.GameObject),B(Clone) (UnityEngine.GameObject),6,11,3,-1,0,1,-0.6721687,1.113396
Box(Clone) (UnityEngine.GameObject),B(Clone) (UnityEngine.GameObject),7,11,4,-1,0,1,-0.5740738,0.7797825
DroneEnemy(Clone) (UnityEngine.GameObject),E(Clone) (UnityEngine.GameObject),8,11,3,0,0,1,N/A,N/A
Lava_lvl_1(Clone) (UnityEngine.GameObject),L(Clone) (UnityEngine.GameObject),9,11,2,0,0,0,N/A,N/A
Box(Clone) (UnityEngine.GameObject),B(Clone) (UnityEngine.GameObject),10,11,5,-1,0,1,-0.5690842,0.7797452
DroneEnemy(Clone) (UnityEngine.GameObject),E(Clone) (UnityEngine.GameObject),11,11,4,0,0,1,N/A,N/A
Explosive(Clone) (UnityEngine.GameObject),X(Clone) (UnityEngine.GameObject),12,11,1,0,0,1,N/A,N/A
Box(Clone) (UnityEngine.GameObject),B(Clone) (UnityEngine.GameObject),13,11,6,0,0,1,N/A,N/A
DroneEnemy(Clone) (UnityEngine.GameObject),E(Clone) (UnityEngine.GameObject),14,11,5,0,0,1,N/A,N/A
Bullet(Clone) (UnityEngine.GameObject),E(Clone) (UnityEngine.GameObject),14,11,5,-1,0,1,-12.9956,0.01448357
Box(Clone) (UnityEngine.GameObject),B(Clone) (UnityEngine.GameObject),1,13,1,-1,0,1,-0.6981831,0.7797825
Box(Clone) (UnityEngine.GameObject),B(Clone) (UnityEngine.GameObject),2,13,2,0,0,1,N/A,N/A
Lava_lvl_1(Clone) (UnityEngine.GameObject),L(Clone) (UnityEngine.GameObject),3,13,1,-1,0,0,-0.402523,0.7629628
Lava_lvl_1(Clone) (UnityEngine.GameObject),L(Clone) (UnityEngine.GameObject),4,13,2,-1,0,0,-0.2088013,0.6893164
DroneEnemy(Clone) (UnityEngine.GameObject),E(Clone) (UnityEngine.GameObject),5,13,1,0,0,1,N/A,N/A
Bullet(Clone) (UnityEngine.GameObject),E(Clone) (UnityEngine.GameObject),5,13,1,-1,0,1,-8.305923,-0.5388335
Lava_lvl_1(Clone) (UnityEngine.GameObject),L(Clone) (UnityEngine.GameObject),6,13,3,-1,0,0,-0.2566261,0.6946545
Box(Clone) (UnityEngine.GameObject),B(Clone) (UnityEngine.GameObject),7,13,3,-1,0,1,-0.6856537,0.7797825
DroneEnemy(Clone) (UnityEngine.GameObject),E(Clone) (UnityEngine.GameObject),8,13,2,0,0,1,N/A,N/A
Bullet(Clone) (UnityEngine.GameObject),E(Clone) (UnityEngine.GameObject),8,13,2,-1,0,1,-11.33863,-1.541286
DroneEnemy(Clone) (UnityEngine.GameObject),E(Clone) (UnityEngine.GameObject),9,13,3,0,0,1,N/A,N/A
Lava_lvl_1(Clone) (UnityEngine.GameObject),L(Clone) (UnityEngine.GameObject),1,14,1,-1,0,0,-0.3554916,0.7395562
Box(Clone) (UnityEngine.GameObject),B(Clone) (UnityEngine.GameObject),2,14,1,-1,0,1,-0.6587601,0.7797589
Explosive(Clone) (UnityEngine.GameObject),X(Clone) (UnityEngine.GameObject),3,14,1,-1,0,1,-0.6621628,0.7797565
DroneEnemy(Clone) (UnityEngine.GameObject),E(Clone) (UnityEngine.GameObject),4,14,1,0,0,1,N/A,N/A
Bullet(Clone) (UnityEngine.GameObject),E(Clone) (UnityEngine.GameObject),4,14,1,-1,0,1,-11.56639,-1.927182
Box(Clone) (UnityEngine.GameObject),B(Clone) (UnityEngine.GameObject),5,14,2,-1,0,1,-0.668972,0.7797825
Lava_lvl_1(Clone) (UnityEngine.GameObject),L(Clone) (UnityEngine.GameObject),6,14,2,-1,0,0,-0.3787041,0.765566
Lava_lvl_1(Clone) (UnityEngine.GameObject),L(Clone) (UnityEngine.GameObject),7,14,3,-1,0,0,-0.4534492,0.7758813
Explosive(Clone) (UnityEngine.GameObject),X(Clone) (UnityEngine.GameObject),8,14,2,-1,0,1,-0.6595497,0.7797825
Box(Clone) (UnityEngine.GameObject),B(Clone) (UnityEngine.GameObject),1,15,1,-1,0,1,-0.6513367,0.7797825
Box(Clone) (UnityEngine.GameObject),B(Clone) (UnityEngine.GameObject),2,15,2,-1,0,1,-0.5306282,0.7797825
Lava_lvl_1(Clone) (UnityEngine.GameObject),L(Clone) (UnityEngine.GameObject),3,15,1,-1,0,0,-0.2005959,0.6271394
Lava_lvl_1(Clone) (UnityEngine.GameObject),L(Clone) (UnityEngine.GameObject),4,15,2,0,0,0,N/A,N/A
Explosive(Clone) (UnityEngine.GameObject),X(Clone) (UnityEngine.GameObject),5,15,1,-1,0,1,-0.6866608,0.7797825
Lava_lvl_1(Clone) (UnityEngine.GameObject),L(Clone) (UnityEngine.GameObject),6,15,3,0,0,0,N/A,N/A
Box(Clone) (UnityEngine.GameObject),B(Clone) (UnityEngine.GameObject),7,15,3,-1,0,1,-0.5636368,1.375186
Box(Clone) (UnityEngine.GameObject),B(Clone) (UnityEngine.GameObject),8,15,4,0,0,1,N/A,N/A
DroneEnemy(Clone) (UnityEngine.GameObject),E(Clone) (UnityEngine.GameObject),9,15,1,0,0,1,N/A,N/A
Bullet(Clone) (UnityEngine.GameObject),E(Clone) (UnityEngine.GameObject),9,15,1,0,0,1,N/A,N/A
Box(Clone) (UnityEngine.GameObject),B(Clone) (UnityEngine.GameObject),10,15,5,0,0,1,N/A,N/A
Lava_lvl_1(Clone) (UnityEngine.GameObject),L(Clone) (UnityEngine.GameObject),11,15,4,0,0,0,N/A,N/A
Box(Clone) (UnityEngine.GameObject),B(Clone) (UnityEngine.GameObject),12,15,6,0,0,1,N/A,N/A
Explosive(Clone) (UnityEngine.GameObject),X(Clone) (UnityEngine.GameObject),13,15,2,0,0,1,N/A,N/A
Lava_lvl_1(Clone) (UnityEngine.GameObject),L(Clone) (UnityEngine.GameObject),14,15,5,0,0,0,N/A,N/A
Lava_lvl_1(Clone) (UnityEngine.GameObject),L(Clone) (UnityEngine.GameObject),15,15,6,0,0,0,N/A,N/A
Lava_lvl_1(Clone) (UnityEngine.GameObject),L(Clone) (UnityEngine.GameObject),16,15,7,0,0,0,N/A,N/A
Lava_lvl_1(Clone) (UnityEngine.GameObject),L(Clone) (UnityEngine.GameObject),17,15,8,0,0,0,N/A,N/A
Box(Clone) (UnityEngine.GameObject),B(Clone) (UnityEngine.GameObject),18,15,7,0,0,1,N/A,N/A
Explosive(Clone) (UnityEngine.GameObject),X(Clone) (UnityEngine.GameObject),19,15,3,0,0,1,N/A,N/A
Box(Clone) (UnityEngine.GameObject),B(Clone) (UnityEngine.GameObject),20,15,8,0,0,1,N/A,N/A
Box(Clone) (UnityEngine.GameObject),B(Clone) (UnityEngine.GameObject),21,15,9,-1,0,1,-0.562149,0.7797825
Lava_lvl_1(Clone) (UnityEngine.GameObject),L(Clone) (UnityEngine.GameObject),22,15,9,-1,0,0,-0.2473068,0.713373
Lava_lvl_1(Clone) (UnityEngine.GameObject),L(Clone) (UnityEngine.GameObject),23,15,10,0,0,0,N/A,N/A
DroneEnemy(Clone) (UnityEngine.GameObject),E(Clone) (UnityEngine.GameObject),24,15,2,0,0,1,N/A,N/A
Bullet(Clone) (UnityEngine.GameObject),E(Clone) (UnityEngine.GameObject),24,15,2,0,0,1,N/A,N/A
Explosive(Clone) (UnityEngine.GameObject),X(Clone) (UnityEngine.GameObject),25,15,4,0,0,1,N/A,N/A
Explosive(Clone) (UnityEngine.GameObject),X(Clone) (UnityEngine.GameObject),26,15,5,0,0,1,N/A,N/A
Box(Clone) (UnityEngine.GameObject),B(Clone) (UnityEngine.GameObject),27,15,10,-1,0,1,-0.519989,0.7797825
Box(Clone) (UnityEngine.GameObject),B(Clone) (UnityEngine.GameObject),28,15,11,-1,0,1,-0.6354218,0.7797825
Explosive(Clone) (UnityEngine.GameObject),X(Clone) (UnityEngine.GameObject),29,15,6,-1,0,1,-0.5200653,0.7797825
Box(Clone) (UnityEngine.GameObject),B(Clone) (UnityEngine.GameObject),30,15,12,-1,0,1,-0.6164551,0.7797825
DroneEnemy(Clone) (UnityEngine.GameObject),E(Clone) (UnityEngine.GameObject),31,15,3,0,0,1,N/A,N/A
Bullet(Clone) (UnityEngine.GameObject),E(Clone) (UnityEngine.GameObject),31,15,3,-1,0,1,-8.820404,-0.3196996
Lava_lvl_1(Clone) (UnityEngine.GameObject),L(Clone) (UnityEngine.GameObject),32,15,11,-1,0,0,-0.04179382,0.6271393
Explosive(Clone) (UnityEngine.GameObject),X(Clone) (UnityEngine.GameObject),33,15,7,-1,0,1,-0.5420074,0.7797825
Lava_lvl_1(Clone) (UnityEngine.GameObject),L(Clone) (UnityEngine.GameObject),1,16,1,-1,0,0,0.4617958,0.7794881
Box(Clone) (UnityEngine.GameObject),B(Clone) (UnityEngine.GameObject),2,16,1,0,0,1,N/A,N/A
DroneEnemy(Clone) (UnityEngine.GameObject),E(Clone) (UnityEngine.GameObject),3,16,1,0,0,1,N/A,N/A
Bullet(Clone) (UnityEngine.GameObject),E(Clone) (UnityEngine.GameObject),3,16,1,0,0,1,N/A,N/A
Explosive(Clone) (UnityEngine.GameObject),X(Clone) (UnityEngine.GameObject),4,16,1,-1,0,1,-0.69981,0.7797825
Box(Clone) (UnityEngine.GameObject),B(Clone) (UnityEngine.GameObject),5,16,2,-1,0,1,-0.5663643,1.316678
Box(Clone) (UnityEngine.GameObject),B(Clone) (UnityEngine.GameObject),6,16,3,0,0,1,N/A,N/A
Box(Clone) (UnityEngine.GameObject),B(Clone) (UnityEngine.GameObject),7,16,4,0,0,1,N/A,N/A
Lava_lvl_1(Clone) (UnityEngine.GameObject),L(Clone) (UnityEngine.GameObject),8,16,2,0,0,0,N/A,N/A
Box(Clone) (UnityEngine.GameObject),B(Clone) (UnityEngine.GameObject),9,16,5,0,0,1,N/A,N/A
Box(Clone) (UnityEngine.GameObject),B(Clone) (UnityEngine.GameObject),10,16,6,-1,0,1,-0.5697937,1.421937
Explosive(Clone) (UnityEngine.GameObject),X(Clone) (UnityEngine.GameObject),11,16,2,-1,0,1,-0.5030289,0.7797825
Explosive(Clone) (UnityEngine.GameObject),X(Clone) (UnityEngine.GameObject),12,16,3,-1,0,1,-0.6460419,0.7797825
DroneEnemy(Clone) (UnityEngine.GameObject),E(Clone) (UnityEngine.GameObject),13,16,2,0,0,1,N/A,N/A
Bullet(Clone) (UnityEngine.GameObject),E(Clone) (UnityEngine.GameObject),13,16,2,0,0,1,N/A,N/A
DroneEnemy(Clone) (UnityEngine.GameObject),E(Clone) (UnityEngine.GameObject),14,16,3,0,0,1,N/A,N/A
Bullet(Clone) (UnityEngine.GameObject),E(Clone) (UnityEngine.GameObject),14,16,3,0,0,1,N/A,N/A
Explosive(Clone) (UnityEngine.GameObject),X(Clone) (UnityEngine.GameObject),15,16,4,0,0,1,N/A,N/A
DroneEnemy(Clone) (UnityEngine.GameObject),E(Clone) (UnityEngine.GameObject),16,16,4,0,0,1,N/A,N/A
Box(Clone) (UnityEngine.GameObject),B(Clone) (UnityEngine.GameObject),17,16,7,0,0,1,N/A,N/A
Explosive(Clone) (UnityEngine.GameObject),X(Clone) (UnityEngine.GameObject),18,16,5,0,0,1,N/A,N/A
Lava_lvl_1(Clone) (UnityEngine.GameObject),L(Clone) (UnityEngine.GameObject),19,16,3,-1,0,0,-0.4061813,0.7635772
Box(Clone) (UnityEngine.GameObject),B(Clone) (UnityEngine.GameObject),20,16,8,0,0,1,N/A,N/A
Explosive(Clone) (UnityEngine.GameObject),X(Clone) (UnityEngine.GameObject),21,16,6,-1,0,1,-0.545929,0.7797825
Box(Clone) (UnityEngine.GameObject),B(Clone) (UnityEngine.GameObject),22,16,9,-1,0,1,-0.6607361,1.138647
Lava_lvl_1(Clone) (UnityEngine.GameObject),L(Clone) (UnityEngine.GameObject),23,16,4,0,0,0,N/A,N/A
Explosive(Clone) (UnityEngine.GameObject),X(Clone) (UnityEngine.GameObject),24,16,7,0,0,1,N/A,N/A
Box(Clone) (UnityEngine.GameObject),B(Clone) (UnityEngine.GameObject),25,16,10,0,0,1,N/A,N/A
Lava_lvl_1(Clone) (UnityEngine.GameObject),L(Clone) (UnityEngine.GameObject),26,16,5,0,0,0,N/A,N/A
DroneEnemy(Clone) (UnityEngine.GameObject),E(Clone) (UnityEngine.GameObject),27,16,5,0,0,1,N/A,N/A
Bullet(Clone) (UnityEngine.GameObject),E(Clone) (UnityEngine.GameObject),27,16,5,0,0,1,N/A,N/A
Lava_lvl_1(Clone) (UnityEngine.GameObject),L(Clone) (UnityEngine.GameObject),28,16,6,0,0,0,N/A,N/A
Lava_lvl_1(Clone) (UnityEngine.GameObject),L(Clone) (UnityEngine.GameObject),29,16,7,-1,0,0,-0.4625549,0.7772645
DroneEnemy(Clone) (UnityEngine.GameObject),E(Clone) (UnityEngine.GameObject),30,16,6,0,0,1,N/A,N/A
Bullet(Clone) (UnityEngine.GameObject),E(Clone) (UnityEngine.GameObject),30,16,6,-1,0,1,-9.834885,0.1036384
DroneEnemy(Clone) (UnityEngine.GameObject),E(Clone) (UnityEngine.GameObject),31,16,7,0,0,1,N/A,N/A
Lava_lvl_1(Clone) (UnityEngine.GameObject),L(Clone) (UnityEngine.GameObject),32,16,8,0,0,0,N/A,N/A
Box(Clone) (UnityEngine.GameObject),B(Clone) (UnityEngine.GameObject),33,16,11,0,0,1,N/A,N/A
DroneEnemy(Clone) (UnityEngine.GameObject),E(Clone) (UnityEngine.GameObject),34,16,8,0,0,1,N/A,N/A
Lava_lvl_1(Clone) (UnityEngine.GameObject),L(Clone) (UnityEngine.GameObject),35,16,9,-1,0,0,-0.4103241,0.7650158
Explosive(Clone) (UnityEngine.GameObject),X(Clone) (UnityEngine.GameObject),36,16,8,0,0,1,N/A,N/A
DroneEnemy(Clone) (UnityEngine.GameObject),E(Clone) (UnityEngine.GameObject),37,16,9,0,0,1,N/A,N/A
DroneEnemy(Clone) (UnityEngine.GameObject),E(Clone) (UnityEngine.GameObject),38,16,10,0,0,1,N/A,N/A
Bullet(Clone) (UnityEngine.GameObject),E(Clone) (UnityEngine.GameObject),38,16,10,0,0,1,N/A,N/A
Explosive(Clone) (UnityEngine.GameObject),X(Clone) (UnityEngine.GameObject),39,16,9,0,0,1,N/A,N/A
Lava_lvl_1(Clone) (UnityEngine.GameObject),L(Clone) (UnityEngine.GameObject),40,16,10,0,0,0,N/A,N/A
Box(Clone) (UnityEngine.GameObject),B(Clone) (UnityEngine.GameObject),41,16,12,0,0,1,N/A,N/A
DroneEnemy(Clone) (UnityEngine.GameObject),E(Clone) (UnityEngine.GameObject),42,16,11,0,0,1,N/A,N/A
Bullet(Clone) (UnityEngine.GameObject),E(Clone) (UnityEngine.GameObject),42,16,11,0,0,1,N/A,N/A
DroneEnemy(Clone) (UnityEngine.GameObject),E(Clone) (UnityEngine.GameObject),43,16,12,0,0,1,N/A,N/A
Explosive(Clone) (UnityEngine.GameObject),X(Clone) (UnityEngine.GameObject),44,16,10,0,0,1,N/A,N/A
Box(Clone) (UnityEngine.GameObject),B(Clone) (UnityEngine.GameObject),45,16,13,0,0,1,N/A,N/A
DroneEnemy(Clone) (UnityEngine.GameObject),E(Clone) (UnityEngine.GameObject),46,16,13,0,0,1,N/A,N/A
DroneEnemy(Clone) (UnityEngine.GameObject),E(Clone) (UnityEngine.GameObject),47,16,14,0,0,1,N/A,N/A
DroneEnemy(Clone) (UnityEngine.GameObject),E(Clone) (UnityEngine.GameObject),48,16,15,0,0,1,N/A,N/A
Box(Clone) (UnityEngine.GameObject),B(Clone) (UnityEngine.GameObject),49,16,14,0,0,1,N/A,N/A
DroneEnemy(Clone) (UnityEngine.GameObject),E(Clone) (UnityEngine.GameObject),50,16,16,0,0,1,N/A,N/A
Bullet(Clone) (UnityEngine.GameObject),E(Clone) (UnityEngine.GameObject),50,16,16,0,0,1,N/A,N/A
Lava_lvl_1(Clone) (UnityEngine.GameObject),L(Clone) (UnityEngine.GameObject),51,16,11,0,0,0,N/A,N/A
Box(Clone) (UnityEngine.GameObject),B(Clone) (UnityEngine.GameObject),52,16,15,0,0,1,N/A,N/A
Explosive(Clone) (UnityEngine.GameObject),X(Clone) (UnityEngine.GameObject),53,16,11,0,0,1,N/A,N/A
Box(Clone) (UnityEngine.GameObject),B(Clone) (UnityEngine.GameObject),54,16,16,0,0,1,N/A,N/A
DroneEnemy(Clone) (UnityEngine.GameObject),E(Clone) (UnityEngine.GameObject),55,16,17,0,0,1,N/A,N/A
Bullet(Clone) (UnityEngine.GameObject),E(Clone) (UnityEngine.GameObject),55,16,17,0,0,1,N/A,N/A
DroneEnemy(Clone) (UnityEngine.GameObject),E(Clone) (UnityEngine.GameObject),56,16,18,0,0,1,N/A,N/A
Explosive(Clone) (UnityEngine.GameObject),X(Clone) (UnityEngine.GameObject),57,16,12,0,0,1,N/A,N/A
Explosive(Clone) (UnityEngine.GameObject),X(Clone) (UnityEngine.GameObject),58,16,13,0,0,1,N/A,N/A
Lava_lvl_1(Clone) (UnityEngine.GameObject),L(Clone) (UnityEngine.GameObject),59,16,12,0,0,0,N/A,N/A
DroneEnemy(Clone) (UnityEngine.GameObject),E(Clone) (UnityEngine.GameObject),60,16,19,0,0,1,N/A,N/A
Bullet(Clone) (UnityEngine.GameObject),E(Clone) (UnityEngine.GameObject),60,16,19,0,0,1,N/A,N/A
Explosive(Clone) (UnityEngine.GameObject),X(Clone) (UnityEngine.GameObject),61,16,14,-1,0,1,-0.6581116,0.7797825
Explosive(Clone) (UnityEngine.GameObject),X(Clone) (UnityEngine.GameObject),62,16,15,0,0,1,N/A,N/A
DroneEnemy(Clone) (UnityEngine.GameObject),E(Clone) (UnityEngine.GameObject),63,16,20,0,0,1,N/A,N/A
DroneEnemy(Clone) (UnityEngine.GameObject),E(Clone) (UnityEngine.GameObject),64,16,21,0,0,1,N/A,N/A
Lava_lvl_1(Clone) (UnityEngine.GameObject),L(Clone) (UnityEngine.GameObject),65,16,13,0,0,0,N/A,N/A
Box(Clone) (UnityEngine.GameObject),B(Clone) (UnityEngine.GameObject),66,16,17,0,0,1,N/A,N/A
Box(Clone) (UnityEngine.GameObject),B(Clone) (UnityEngine.GameObject),67,16,18,-1,0,1,-0.5845337,1.248178
Lava_lvl_1(Clone) (UnityEngine.GameObject),L(Clone) (UnityEngine.GameObject),68,16,14,-1,0,0,-0.3959351,0.7598251
Lava_lvl_1(Clone) (UnityEngine.GameObject),L(Clone) (UnityEngine.GameObject),1,17,1,0,0,0,N/A,N/A
Explosive(Clone) (UnityEngine.GameObject),X(Clone) (UnityEngine.GameObject),2,17,1,0,0,1,N/A,N/A
DroneEnemy(Clone) (UnityEngine.GameObject),E(Clone) (UnityEngine.GameObject),3,17,1,0,0,1,N/A,N/A
Bullet(Clone) (UnityEngine.GameObject),E(Clone) (UnityEngine.GameObject),3,17,1,0,0,1,N/A,N/A
Lava_lvl_1(Clone) (UnityEngine.GameObject),L(Clone) (UnityEngine.GameObject),4,17,2,0,0,0,N/A,N/A
Explosive(Clone) (UnityEngine.GameObject),X(Clone) (UnityEngine.GameObject),5,17,2,0,0,1,N/A,N/A
DroneEnemy(Clone) (UnityEngine.GameObject),E(Clone) (UnityEngine.GameObject),6,17,2,0,0,1,N/A,N/A
Bullet(Clone) (UnityEngine.GameObject),E(Clone) (UnityEngine.GameObject),6,17,2,-1,0,1,-10.57593,1.697322
Lava_lvl_1(Clone) (UnityEngine.GameObject),L(Clone) (UnityEngine.GameObject),7,17,3,0,0,0,N/A,N/A
DroneEnemy(Clone) (UnityEngine.GameObject),E(Clone) (UnityEngine.GameObject),8,17,3,0,0,1,N/A,N/A
DroneEnemy(Clone) (UnityEngine.GameObject),E(Clone) (UnityEngine.GameObject),9,17,4,0,0,1,N/A,N/A
Bullet(Clone) (UnityEngine.GameObject),E(Clone) (UnityEngine.GameObject),9,17,4,0,0,1,N/A,N/A
Explosive(Clone) (UnityEngine.GameObject),X(Clone) (UnityEngine.GameObject),10,17,3,0,0,1,N/A,N/A
Box(Clone) (UnityEngine.GameObject),B(Clone) (UnityEngine.GameObject),11,17,1,-1,0,1,-0.6416092,0.7797825
Lava_lvl_1(Clone) (UnityEngine.GameObject),L(Clone) (UnityEngine.GameObject),12,17,4,0,0,0,N/A,N/A
Box(Clone) (UnityEngine.GameObject),B(Clone) (UnityEngine.GameObject),13,17,2,0,0,1,N/A,N/A
Box(Clone) (UnityEngine.GameObject),B(Clone) (UnityEngine.GameObject),14,17,3,0,0,1,N/A,N/A
DroneEnemy(Clone) (UnityEngine.GameObject),E(Clone) (UnityEngine.GameObject),15,17,5,0,0,1,N/A,N/A
Bullet(Clone) (UnityEngine.GameObject),E(Clone) (UnityEngine.GameObject),15,17,5,0,0,1,N/A,N/A
Explosive(Clone) (UnityEngine.GameObject),X(Clone) (UnityEngine.GameObject),16,17,4,0,0,1,N/A,N/A
Lava_lvl_1(Clone) (UnityEngine.GameObject),L(Clone) (UnityEngine.GameObject),17,17,5,0,0,0,N/A,N/A
Explosive(Clone) (UnityEngine.GameObject),X(Clone) (UnityEngine.GameObject),18,17,5,-1,0,1,-0.6385498,0.825058
Box(Clone) (UnityEngine.GameObject),B(Clone) (UnityEngine.GameObject),19,17,4,0,0,1,N/A,N/A
Lava_lvl_1(Clone) (UnityEngine.GameObject),L(Clone) (UnityEngine.GameObject),20,17,6,0,0,0,N/A,N/A
Explosive(Clone) (UnityEngine.GameObject),X(Clone) (UnityEngine.GameObject),21,17,6,0,0,1,N/A,N/A
Lava_lvl_1(Clone) (UnityEngine.GameObject),L(Clone) (UnityEngine.GameObject),22,17,7,0,0,0,N/A,N/A
Explosive(Clone) (UnityEngine.GameObject),X(Clone) (UnityEngine.GameObject),23,17,7,0,0,1,N/A,N/A
Explosive(Clone) (UnityEngine.GameObject),X(Clone) (UnityEngine.GameObject),24,17,8,0,0,1,N/A,N/A
Lava_lvl_1(Clone) (UnityEngine.GameObject),L(Clone) (UnityEngine.GameObject),25,17,8,0,0,0,N/A,N/A
Explosive(Clone) (UnityEngine.GameObject),X(Clone) (UnityEngine.GameObject),26,17,9,0,0,1,N/A,N/A
Explosive(Clone) (UnityEngine.GameObject),X(Clone) (UnityEngine.GameObject),27,17,10,0,0,1,N/A,N/A
Box(Clone) (UnityEngine.GameObject),B(Clone) (UnityEngine.GameObject),28,17,5,0,0,1,N/A,N/A
Lava_lvl_1(Clone) (UnityEngine.GameObject),L(Clone) (UnityEngine.GameObject),29,17,9,0,0,0,N/A,N/A
DroneEnemy(Clone) (UnityEngine.GameObject),E(Clone) (UnityEngine.GameObject),30,17,6,0,0,1,N/A,N/A
Bullet(Clone) (UnityEngine.GameObject),E(Clone) (UnityEngine.GameObject),30,17,6,-1,0,1,-10.42755,1.918925
Lava_lvl_1(Clone) (UnityEngine.GameObject),L(Clone) (UnityEngine.GameObject),31,17,10,0,0,0,N/A,N/A
Lava_lvl_1(Clone) (UnityEngine.GameObject),L(Clone) (UnityEngine.GameObject),32,17,11,-1,0,0,-0.38414,0.7626923
DroneEnemy(Clone) (UnityEngine.GameObject),E(Clone) (UnityEngine.GameObject),33,17,7,0,0,1,N/A,N/A
Bullet(Clone) (UnityEngine.GameObject),E(Clone) (UnityEngine.GameObject),33,17,7,0,0,1,N/A,N/A
Explosive(Clone) (UnityEngine.GameObject),X(Clone) (UnityEngine.GameObject),34,17,11,0,0,1,N/A,N/A
Box(Clone) (UnityEngine.GameObject),B(Clone) (UnityEngine.GameObject),35,17,6,0,0,1,N/A,N/A
Explosive(Clone) (UnityEngine.GameObject),X(Clone) (UnityEngine.GameObject),36,17,12,0,0,1,N/A,N/A
Box(Clone) (UnityEngine.GameObject),B(Clone) (UnityEngine.GameObject),37,17,7,0,0,1,N/A,N/A
Box(Clone) (UnityEngine.GameObject),B(Clone) (UnityEngine.GameObject),38,17,8,0,0,1,N/A,N/A
DroneEnemy(Clone) (UnityEngine.GameObject),E(Clone) (UnityEngine.GameObject),39,17,8,0,0,1,N/A,N/A
Bullet(Clone) (UnityEngine.GameObject),E(Clone) (UnityEngine.GameObject),39,17,8,0,0,1,N/A,N/A
DroneEnemy(Clone) (UnityEngine.GameObject),E(Clone) (UnityEngine.GameObject),40,17,9,0,0,1,N/A,N/A
DroneEnemy(Clone) (UnityEngine.GameObject),E(Clone) (UnityEngine.GameObject),41,17,10,0,0,1,N/A,N/A
Bullet(Clone) (UnityEngine.GameObject),E(Clone) (UnityEngine.GameObject),41,17,10,0,0,1,N/A,N/A
Explosive(Clone) (UnityEngine.GameObject),X(Clone) (UnityEngine.GameObject),42,17,13,-1,0,1,-0.6504822,1.370575
Box(Clone) (UnityEngine.GameObject),B(Clone) (UnityEngine.GameObject),43,17,9,0,0,1,N/A,N/A
Box(Clone) (UnityEngine.GameObject),B(Clone) (UnityEngine.GameObject),44,17,10,0,0,1,N/A,N/A
DroneEnemy(Clone) (UnityEngine.GameObject),E(Clone) (UnityEngine.GameObject),45,17,11,0,0,1,N/A,N/A
Box(Clone) (UnityEngine.GameObject),B(Clone) (UnityEngine.GameObject),46,17,11,-1,0,1,-0.6799011,0.7849922
DroneEnemy(Clone) (UnityEngine.GameObject),E(Clone) (UnityEngine.GameObject),47,17,12,0,0,1,N/A,N/A
Bullet(Clone) (UnityEngine.GameObject),E(Clone) (UnityEngine.GameObject),47,17,12,0,0,1,N/A,N/A
Box(Clone) (UnityEngine.GameObject),B(Clone) (UnityEngine.GameObject),48,17,12,-1,0,1,-0.6120911,0.7797825
Lava_lvl_1(Clone) (UnityEngine.GameObject),L(Clone) (UnityEngine.GameObject),49,17,12,0,0,0,N/A,N/A
Box(Clone) (UnityEngine.GameObject),B(Clone) (UnityEngine.GameObject),50,17,13,0,0,1,N/A,N/A
DroneEnemy(Clone) (UnityEngine.GameObject),E(Clone) (UnityEngine.GameObject),51,17,13,0,0,1,N/A,N/A
Bullet(Clone) (UnityEngine.GameObject),E(Clone) (UnityEngine.GameObject),51,17,13,0,0,1,N/A,N/A
Box(Clone) (UnityEngine.GameObject),B(Clone) (UnityEngine.GameObject),52,17,14,0,0,1,N/A,N/A
DroneEnemy(Clone) (UnityEngine.GameObject),E(Clone) (UnityEngine.GameObject),53,17,14,0,0,1,N/A,N/A
Lava_lvl_1(Clone) (UnityEngine.GameObject),L(Clone) (UnityEngine.GameObject),54,17,13,0,0,0,N/A,N/A
Box(Clone) (UnityEngine.GameObject),B(Clone) (UnityEngine.GameObject),55,17,15,-1,0,1,-0.6026001,0.7797825
Lava_lvl_1(Clone) (UnityEngine.GameObject),L(Clone) (UnityEngine.GameObject),56,17,14,0,0,0,N/A,N/A
DroneEnemy(Clone) (UnityEngine.GameObject),E(Clone) (UnityEngine.GameObject),57,17,15,0,0,1,N/A,N/A
Lava_lvl_1(Clone) (UnityEngine.GameObject),L(Clone) (UnityEngine.GameObject),58,17,15,-1,0,0,-0.3710938,0.7483039
DroneEnemy(Clone) (UnityEngine.GameObject),E(Clone) (UnityEngine.GameObject),59,17,16,0,0,1,N/A,N/A
Bullet(Clone) (UnityEngine.GameObject),E(Clone) (UnityEngine.GameObject),59,17,16,0,0,1,N/A,N/A
Explosive(Clone) (UnityEngine.GameObject),X(Clone) (UnityEngine.GameObject),60,17,14,-1,0,1,-0.5712585,1.389654
Explosive(Clone) (UnityEngine.GameObject),X(Clone) (UnityEngine.GameObject),61,17,15,-1,0,1,-0.6029663,0.7797825
Explosive(Clone) (UnityEngine.GameObject),X(Clone) (UnityEngine.GameObject),62,17,16,0,0,1,N/A,N/A
Box(Clone) (UnityEngine.GameObject),B(Clone) (UnityEngine.GameObject),63,17,16,0,0,1,N/A,N/A
Box(Clone) (UnityEngine.GameObject),B(Clone) (UnityEngine.GameObject),64,17,17,-1,0,1,-0.6280212,0.7797825
DroneEnemy(Clone) (UnityEngine.GameObject),E(Clone) (UnityEngine.GameObject),65,17,17,0,0,1,N/A,N/A
Bullet(Clone) (UnityEngine.GameObject),E(Clone) (UnityEngine.GameObject),65,17,17,0,0,1,N/A,N/A
Explosive(Clone) (UnityEngine.GameObject),X(Clone) (UnityEngine.GameObject),66,17,17,0,0,1,N/A,N/A
Lava_lvl_1(Clone) (UnityEngine.GameObject),L(Clone) (UnityEngine.GameObject),67,17,16,0,0,0,N/A,N/A
Box(Clone) (UnityEngine.GameObject),B(Clone) (UnityEngine.GameObject),68,17,18,0,0,1,N/A,N/A
Explosive(Clone) (UnityEngine.GameObject),X(Clone) (UnityEngine.GameObject),69,17,18,0,0,1,N/A,N/A
DroneEnemy(Clone) (UnityEngine.GameObject),E(Clone) (UnityEngine.GameObject),70,17,18,0,0,1,N/A,N/A
Bullet(Clone) (UnityEngine.GameObject),E(Clone) (UnityEngine.GameObject),70,17,18,0,0,1,N/A,N/A
Box(Clone) (UnityEngine.GameObject),B(Clone) (UnityEngine.GameObject),71,17,19,0,0,1,N/A,N/A
Box(Clone) (UnityEngine.GameObject),B(Clone) (UnityEngine.GameObject),72,17,20,0,0,1,N/A,N/A
DroneEnemy(Clone) (UnityEngine.GameObject),E(Clone) (UnityEngine.GameObject),73,17,19,0,0,1,N/A,N/A
Explosive(Clone) (UnityEngine.GameObject),X(Clone) (UnityEngine.GameObject),74,17,19,-1,0,1,-0.6738586,1.103104
Explosive(Clone) (UnityEngine.GameObject),X(Clone) (UnityEngine.GameObject),1,18,1,0,0,1,N/A,N/A
DroneEnemy(Clone) (UnityEngine.GameObject),E(Clone) (UnityEngine.GameObject),2,18,1,0,0,1,N/A,N/A
Bullet(Clone) (UnityEngine.GameObject),E(Clone) (UnityEngine.GameObject),2,18,1,0,0,1,N/A,N/A
Lava_lvl_1(Clone) (UnityEngine.GameObject),L(Clone) (UnityEngine.GameObject),3,18,1,0,0,0,N/A,N/A
DroneEnemy(Clone) (UnityEngine.GameObject),E(Clone) (UnityEngine.GameObject),4,18,2,0,0,1,N/A,N/A
Bullet(Clone) (UnityEngine.GameObject),E(Clone) (UnityEngine.GameObject),4,18,2,0,0,1,N/A,N/A
Explosive(Clone) (UnityEngine.GameObject),X(Clone) (UnityEngine.GameObject),5,18,2,0,0,1,N/A,N/A
DroneEnemy(Clone) (UnityEngine.GameObject),E(Clone) (UnityEngine.GameObject),6,18,3,0,0,1,N/A,N/A
Box(Clone) (UnityEngine.GameObject),B(Clone) (UnityEngine.GameObject),7,18,1,0,0,1,N/A,N/A
Box(Clone) (UnityEngine.GameObject),B(Clone) (UnityEngine.GameObject),8,18,2,0,0,1,N/A,N/A
DroneEnemy(Clone) (UnityEngine.GameObject),E(Clone) (UnityEngine.GameObject),9,18,4,0,0,1,N/A,N/A
DroneEnemy(Clone) (UnityEngine.GameObject),E(Clone) (UnityEngine.GameObject),1,19,1,0,0,1,N/A,N/A
Bullet(Clone) (UnityEngine.GameObject),E(Clone) (UnityEngine.GameObject),1,19,1,0,0,1,N/A,N/A
Explosive(Clone) (UnityEngine.GameObject),X(Clone) (UnityEngine.GameObject),2,19,1,0,0,1,N/A,N/A
Explosive(Clone) (UnityEngine.GameObject),X(Clone) (UnityEngine.GameObject),3,19,2,0,0,1,N/A,N/A
Lava_lvl_1(Clone) (UnityEngine.GameObject),L(Clone) (UnityEngine.GameObject),4,19,1,0,0,0,N/A,N/A
Lava_lvl_1(Clone) (UnityEngine.GameObject),L(Clone) (UnityEngine.GameObject),5,19,2,0,0,0,N/A,N/A
Explosive(Clone) (UnityEngine.GameObject),X(Clone) (UnityEngine.GameObject),6,19,3,0,0,1,N/A,N/A
Explosive(Clone) (UnityEngine.GameObject),X(Clone) (UnityEngine.GameObject),7,19,4,0,0,1,N/A,N/A
Box(Clone) (UnityEngine.GameObject),B(Clone) (UnityEngine.GameObject),8,19,1,0,0,1,N/A,N/A
DroneEnemy(Clone) (UnityEngine.GameObject),E(Clone) (UnityEngine.GameObject),9,19,2,0,0,1,N/A,N/A
Bullet(Clone) (UnityEngine.GameObject),E(Clone) (UnityEngine.GameObject),9,19,2,0,0,1,N/A,N/A
Lava_lvl_1(Clone) (UnityEngine.GameObject),L(Clone) (UnityEngine.GameObject),10,19,3,0,0,0,N/A,N/A
Box(Clone) (UnityEngine.GameObject),B(Clone) (UnityEngine.GameObject),11,19,2,0,0,1,N/A,N/A
Box(Clone) (UnityEngine.GameObject),B(Clone) (UnityEngine.GameObject),12,19,3,0,0,1,N/A,N/A
Explosive(Clone) (UnityEngine.GameObject),X(Clone) (UnityEngine.GameObject),13,19,5,0,0,1,N/A,N/A
Box(Clone) (UnityEngine.GameObject),B(Clone) (UnityEngine.GameObject),14,19,4,0,0,1,N/A,N/A
DroneEnemy(Clone) (UnityEngine.GameObject),E(Clone) (UnityEngine.GameObject),15,19,3,0,0,1,N/A,N/A
Bullet(Clone) (UnityEngine.GameObject),E(Clone) (UnityEngine.GameObject),15,19,3,0,0,1,N/A,N/A
Explosive(Clone) (UnityEngine.GameObject),X(Clone) (UnityEngine.GameObject),16,19,6,0,0,1,N/A,N/A
Box(Clone) (UnityEngine.GameObject),B(Clone) (UnityEngine.GameObject),17,19,5,0,0,1,N/A,N/A
Lava_lvl_1(Clone) (UnityEngine.GameObject),L(Clone) (UnityEngine.GameObject),18,19,4,0,0,0,N/A,N/A
Lava_lvl_1(Clone) (UnityEngine.GameObject),L(Clone) (UnityEngine.GameObject),19,19,5,0,0,0,N/A,N/A
Explosive(Clone) (UnityEngine.GameObject),X(Clone) (UnityEngine.GameObject),20,19,7,0,0,1,N/A,N/A
Explosive(Clone) (UnityEngine.GameObject),X(Clone) (UnityEngine.GameObject),21,19,8,-1,0,1,-0.6362457,0.7797825
Explosive(Clone) (UnityEngine.GameObject),X(Clone) (UnityEngine.GameObject),1,20,1,0,0,1,N/A,N/A
Explosive(Clone) (UnityEngine.GameObject),X(Clone) (UnityEngine.GameObject),2,20,2,0,0,1,N/A,N/A
DroneEnemy(Clone) (UnityEngine.GameObject),E(Clone) (UnityEngine.GameObject),3,20,1,0,0,1,N/A,N/A
Bullet(Clone) (UnityEngine.GameObject),E(Clone) (UnityEngine.GameObject),3,20,1,0,0,1,N/A,N/A
DroneEnemy(Clone) (UnityEngine.GameObject),E(Clone) (UnityEngine.GameObject),4,20,2,0,0,1,N/A,N/A
Bullet(Clone) (UnityEngine.GameObject),E(Clone) (UnityEngine.GameObject),4,20,2,-1,0,1,-4.952347,0.7198637
Box(Clone) (UnityEngine.GameObject),B(Clone) (UnityEngine.GameObject),5,20,1,0,0,1,N/A,N/A
Explosive(Clone) (UnityEngine.GameObject),X(Clone) (UnityEngine.GameObject),6,20,3,0,0,1,N/A,N/A
Explosive(Clone) (UnityEngine.GameObject),X(Clone) (UnityEngine.GameObject),7,20,4,0,0,1,N/A,N/A
Lava_lvl_1(Clone) (UnityEngine.GameObject),L(Clone) (UnityEngine.GameObject),8,20,1,0,0,0,N/A,N/A
Explosive(Clone) (UnityEngine.GameObject),X(Clone) (UnityEngine.GameObject),9,20,5,0,0,1,N/A,N/A
Explosive(Clone) (UnityEngine.GameObject),X(Clone) (UnityEngine.GameObject),10,20,6,0,0,1,N/A,N/A
Explosive(Clone) (UnityEngine.GameObject),X(Clone) (UnityEngine.GameObject),11,20,7,0,0,1,N/A,N/A
DroneEnemy(Clone) (UnityEngine.GameObject),E(Clone) (UnityEngine.GameObject),12,20,3,0,0,1,N/A,N/A
Bullet(Clone) (UnityEngine.GameObject),E(Clone) (UnityEngine.GameObject),12,20,3,0,0,1,N/A,N/A
Explosive(Clone) (UnityEngine.GameObject),X(Clone) (UnityEngine.GameObject),13,20,8,-1,0,1,-0.6650391,0.7797825
Lava_lvl_1(Clone) (UnityEngine.GameObject),L(Clone) (UnityEngine.GameObject),1,21,1,0,0,0,N/A,N/A
Box(Clone) (UnityEngine.GameObject),B(Clone) (UnityEngine.GameObject),2,21,1,0,0,1,N/A,N/A
Lava_lvl_1(Clone) (UnityEngine.GameObject),L(Clone) (UnityEngine.GameObject),3,21,2,0,0,0,N/A,N/A
Box(Clone) (UnityEngine.GameObject),B(Clone) (UnityEngine.GameObject),4,21,2,-1,0,1,-0.6539879,1.141867
DroneEnemy(Clone) (UnityEngine.GameObject),E(Clone) (UnityEngine.GameObject),5,21,1,0,0,1,N/A,N/A
Bullet(Clone) (UnityEngine.GameObject),E(Clone) (UnityEngine.GameObject),5,21,1,-1,0,1,-9.845665,-1.131571
Lava_lvl_1(Clone) (UnityEngine.GameObject),L(Clone) (UnityEngine.GameObject),6,21,3,-1,0,0,-0.4230423,0.7689861
Lava_lvl_1(Clone) (UnityEngine.GameObject),L(Clone) (UnityEngine.GameObject),7,21,4,-1,0,0,-0.3675537,0.7629086
Box(Clone) (UnityEngine.GameObject),B(Clone) (UnityEngine.GameObject),8,21,3,0,0,1,N/A,N/A
DroneEnemy(Clone) (UnityEngine.GameObject),E(Clone) (UnityEngine.GameObject),9,21,2,0,0,1,N/A,N/A
Bullet(Clone) (UnityEngine.GameObject),E(Clone) (UnityEngine.GameObject),9,21,2,0,0,1,N/A,N/A
Box(Clone) (UnityEngine.GameObject),B(Clone) (UnityEngine.GameObject),10,21,4,-1,0,1,-0.6101227,0.7797825
DroneEnemy(Clone) (UnityEngine.GameObject),E(Clone) (UnityEngine.GameObject),11,21,3,0,0,1,N/A,N/A
Explosive(Clone) (UnityEngine.GameObject),X(Clone) (UnityEngine.GameObject),12,21,1,0,0,1,N/A,N/A
Explosive(Clone) (UnityEngine.GameObject),X(Clone) (UnityEngine.GameObject),13,21,2,0,0,1,N/A,N/A
DroneEnemy(Clone) (UnityEngine.GameObject),E(Clone) (UnityEngine.GameObject),14,21,4,0,0,1,N/A,N/A
Bullet(Clone) (UnityEngine.GameObject),E(Clone) (UnityEngine.GameObject),14,21,4,0,0,1,N/A,N/A
Box(Clone) (UnityEngine.GameObject),B(Clone) (UnityEngine.GameObject),15,21,5,0,0,1,N/A,N/A
Lava_lvl_1(Clone) (UnityEngine.GameObject),L(Clone) (UnityEngine.GameObject),16,21,5,0,0,0,N/A,N/A
Lava_lvl_1(Clone) (UnityEngine.GameObject),L(Clone) (UnityEngine.GameObject),17,21,6,0,0,0,N/A,N/A
Box(Clone) (UnityEngine.GameObject),B(Clone) (UnityEngine.GameObject),18,21,6,0,0,1,N/A,N/A
Box(Clone) (UnityEngine.GameObject),B(Clone) (UnityEngine.GameObject),19,21,7,0,0,1,N/A,N/A
Lava_lvl_1(Clone) (UnityEngine.GameObject),L(Clone) (UnityEngine.GameObject),20,21,7,0,0,0,N/A,N/A
Box(Clone) (UnityEngine.GameObject),B(Clone) (UnityEngine.GameObject),21,21,8,0,0,1,N/A,N/A
Lava_lvl_1(Clone) (UnityEngine.GameObject),L(Clone) (UnityEngine.GameObject),22,21,8,0,0,0,N/A,N/A
Explosive(Clone) (UnityEngine.GameObject),X(Clone) (UnityEngine.GameObject),23,21,3,0,0,1,N/A,N/A
DroneEnemy(Clone) (UnityEngine.GameObject),E(Clone) (UnityEngine.GameObject),24,21,5,0,0,1,N/A,N/A
Bullet(Clone) (UnityEngine.GameObject),E(Clone) (UnityEngine.GameObject),24,21,5,0,0,1,N/A,N/A
Explosive(Clone) (UnityEngine.GameObject),X(Clone) (UnityEngine.GameObject),25,21,4,-1,0,1,-0.694397,1.091626
DroneEnemy(Clone) (UnityEngine.GameObject),E(Clone) (UnityEngine.GameObject),26,21,6,0,0,1,N/A,N/A
Bullet(Clone) (UnityEngine.GameObject),E(Clone) (UnityEngine.GameObject),26,21,6,0,0,1,N/A,N/A
DroneEnemy(Clone) (UnityEngine.GameObject),E(Clone) (UnityEngine.GameObject),27,21,7,0,0,1,N/A,N/A
Explosive(Clone) (UnityEngine.GameObject),X(Clone) (UnityEngine.GameObject),28,21,5,0,0,1,N/A,N/A
Lava_lvl_1(Clone) (UnityEngine.GameObject),L(Clone) (UnityEngine.GameObject),29,21,9,0,0,0,N/A,N/A
Explosive(Clone) (UnityEngine.GameObject),X(Clone) (UnityEngine.GameObject),30,21,6,0,0,1,N/A,N/A
Explosive(Clone) (UnityEngine.GameObject),X(Clone) (UnityEngine.GameObject),31,21,7,0,0,1,N/A,N/A
DroneEnemy(Clone) (UnityEngine.GameObject),E(Clone) (UnityEngine.GameObject),32,21,8,0,0,1,N/A,N/A
Box(Clone) (UnityEngine.GameObject),B(Clone) (UnityEngine.GameObject),33,21,9,0,0,1,N/A,N/A
Lava_lvl_1(Clone) (UnityEngine.GameObject),L(Clone) (UnityEngine.GameObject),34,21,10,0,0,0,N/A,N/A
Lava_lvl_1(Clone) (UnityEngine.GameObject),L(Clone) (UnityEngine.GameObject),35,21,11,0,0,0,N/A,N/A
DroneEnemy(Clone) (UnityEngine.GameObject),E(Clone) (UnityEngine.GameObject),36,21,9,0,0,1,N/A,N/A
Bullet(Clone) (UnityEngine.GameObject),E(Clone) (UnityEngine.GameObject),36,21,9,0,0,1,N/A,N/A
DroneEnemy(Clone) (UnityEngine.GameObject),E(Clone) (UnityEngine.GameObject),37,21,10,0,0,1,N/A,N/A
Explosive(Clone) (UnityEngine.GameObject),X(Clone) (UnityEngine.GameObject),38,21,8,0,0,1,N/A,N/A
Lava_lvl_1(Clone) (UnityEngine.GameObject),L(Clone) (UnityEngine.GameObject),39,21,12,0,0,0,N/A,N/A
DroneEnemy(Clone) (UnityEngine.GameObject),E(Clone) (UnityEngine.GameObject),40,21,11,0,0,1,N/A,N/A
Bullet(Clone) (UnityEngine.GameObject),E(Clone) (UnityEngine.GameObject),40,21,11,0,0,1,N/A,N/A
DroneEnemy(Clone) (UnityEngine.GameObject),E(Clone) (UnityEngine.GameObject),41,21,12,0,0,1,N/A,N/A
Explosive(Clone) (UnityEngine.GameObject),X(Clone) (UnityEngine.GameObject),42,21,9,0,0,1,N/A,N/A
Explosive(Clone) (UnityEngine.GameObject),X(Clone) (UnityEngine.GameObject),43,21,10,0,0,1,N/A,N/A
Box(Clone) (UnityEngine.GameObject),B(Clone) (UnityEngine.GameObject),44,21,10,0,0,1,N/A,N/A
Lava_lvl_1(Clone) (UnityEngine.GameObject),L(Clone) (UnityEngine.GameObject),45,21,13,0,0,0,N/A,N/A
DroneEnemy(Clone) (UnityEngine.GameObject),E(Clone) (UnityEngine.GameObject),46,21,13,0,0,1,N/A,N/A
Bullet(Clone) (UnityEngine.GameObject),E(Clone) (UnityEngine.GameObject),46,21,13,-1,0,1,-10.6492,0.3262441
Box(Clone) (UnityEngine.GameObject),B(Clone) (UnityEngine.GameObject),47,21,11,0,0,1,N/A,N/A
DroneEnemy(Clone) (UnityEngine.GameObject),E(Clone) (UnityEngine.GameObject),48,21,14,0,0,1,N/A,N/A
DroneEnemy(Clone) (UnityEngine.GameObject),E(Clone) (UnityEngine.GameObject),49,21,15,0,0,1,N/A,N/A
Lava_lvl_1(Clone) (UnityEngine.GameObject),L(Clone) (UnityEngine.GameObject),50,21,14,0,0,0,N/A,N/A
Lava_lvl_1(Clone) (UnityEngine.GameObject),L(Clone) (UnityEngine.GameObject),51,21,15,0,0,0,N/A,N/A
Lava_lvl_1(Clone) (UnityEngine.GameObject),L(Clone) (UnityEngine.GameObject),52,21,16,0,0,0,N/A,N/A
Lava_lvl_1(Clone) (UnityEngine.GameObject),L(Clone) (UnityEngine.GameObject),53,21,17,0,0,0,N/A,N/A
Box(Clone) (UnityEngine.GameObject),B(Clone) (UnityEngine.GameObject),54,21,12,0,0,1,N/A,N/A
Lava_lvl_1(Clone) (UnityEngine.GameObject),L(Clone) (UnityEngine.GameObject),55,21,18,0,0,0,N/A,N/A
Explosive(Clone) (UnityEngine.GameObject),X(Clone) (UnityEngine.GameObject),56,21,11,0,0,1,N/A,N/A
Explosive(Clone) (UnityEngine.GameObject),X(Clone) (UnityEngine.GameObject),57,21,12,-1,0,1,-0.6661377,1.246913
DroneEnemy(Clone) (UnityEngine.GameObject),E(Clone) (UnityEngine.GameObject),58,21,16,0,0,1,N/A,N/A
Bullet(Clone) (UnityEngine.GameObject),E(Clone) (UnityEngine.GameObject),58,21,16,0,0,1,N/A,N/A
Box(Clone) (UnityEngine.GameObject),B(Clone) (UnityEngine.GameObject),59,21,13,0,0,1,N/A,N/A
Lava_lvl_1(Clone) (UnityEngine.GameObject),L(Clone) (UnityEngine.GameObject),60,21,19,0,0,0,N/A,N/A
Box(Clone) (UnityEngine.GameObject),B(Clone) (UnityEngine.GameObject),61,21,14,-1,0,1,-0.6967468,1.183072
Lava_lvl_1(Clone) (UnityEngine.GameObject),L(Clone) (UnityEngine.GameObject),62,21,20,0,0,0,N/A,N/A
Explosive(Clone) (UnityEngine.GameObject),X(Clone) (UnityEngine.GameObject),63,21,13,0,0,1,N/A,N/A
Lava_lvl_1(Clone) (UnityEngine.GameObject),L(Clone) (UnityEngine.GameObject),64,21,21,0,0,0,N/A,N/A
Lava_lvl_1(Clone) (UnityEngine.GameObject),L(Clone) (UnityEngine.GameObject),65,21,22,0,0,0,N/A,N/A
DroneEnemy(Clone) (UnityEngine.GameObject),E(Clone) (UnityEngine.GameObject),66,21,17,0,0,1,N/A,N/A
Bullet(Clone) (UnityEngine.GameObject),E(Clone) (UnityEngine.GameObject),66,21,17,-1,0,1,-9.628479,0.533185
Lava_lvl_1(Clone) (UnityEngine.GameObject),L(Clone) (UnityEngine.GameObject),67,21,23,0,0,0,N/A,N/A
Lava_lvl_1(Clone) (UnityEngine.GameObject),L(Clone) (UnityEngine.GameObject),68,21,24,0,0,0,N/A,N/A
Box(Clone) (UnityEngine.GameObject),B(Clone) (UnityEngine.GameObject),69,21,15,0,0,1,N/A,N/A
Box(Clone) (UnityEngine.GameObject),B(Clone) (UnityEngine.GameObject),70,21,16,0,0,1,N/A,N/A
Lava_lvl_1(Clone) (UnityEngine.GameObject),L(Clone) (UnityEngine.GameObject),71,21,25,0,0,0,N/A,N/A
DroneEnemy(Clone) (UnityEngine.GameObject),E(Clone) (UnityEngine.GameObject),72,21,18,0,0,1,N/A,N/A
Bullet(Clone) (UnityEngine.GameObject),E(Clone) (UnityEngine.GameObject),72,21,18,-1,0,1,-11.22037,-0.970883
Lava_lvl_1(Clone) (UnityEngine.GameObject),L(Clone) (UnityEngine.GameObject),73,21,26,0,0,0,N/A,N/A
Box(Clone) (UnityEngine.GameObject),B(Clone) (UnityEngine.GameObject),74,21,17,-1,0,1,-0.6550598,1.469818
Explosive(Clone) (UnityEngine.GameObject),X(Clone) (UnityEngine.GameObject),75,21,14,0,0,1,N/A,N/A
Box(Clone) (UnityEngine.GameObject),B(Clone) (UnityEngine.GameObject),76,21,18,0,0,1,N/A,N/A
DroneEnemy(Clone) (UnityEngine.GameObject),E(Clone) (UnityEngine.GameObject),77,21,19,0,0,1,N/A,N/A
Bullet(Clone) (UnityEngine.GameObject),E(Clone) (UnityEngine.GameObject),77,21,19,0,0,1,N/A,N/A
Lava_lvl_1(Clone) (UnityEngine.GameObject),L(Clone) (UnityEngine.GameObject),78,21,27,0,0,0,N/A,N/A
Box(Clone) (UnityEngine.GameObject),B(Clone) (UnityEngine.GameObject),79,21,19,0,0,1,N/A,N/A
DroneEnemy(Clone) (UnityEngine.GameObject),E(Clone) (UnityEngine.GameObject),80,21,20,0,0,1,N/A,N/A
Bullet(Clone) (UnityEngine.GameObject),E(Clone) (UnityEngine.GameObject),80,21,20,0,0,1,N/A,N/A
Explosive(Clone) (UnityEngine.GameObject),X(Clone) (UnityEngine.GameObject),81,21,15,-1,0,1,-0.6435547,0.7797825
Explosive(Clone) (UnityEngine.GameObject),X(Clone) (UnityEngine.GameObject),82,21,16,0,0,1,N/A,N/A
Box(Clone) (UnityEngine.GameObject),B(Clone) (UnityEngine.GameObject),83,21,20,0,0,1,N/A,N/A
Box(Clone) (UnityEngine.GameObject),B(Clone) (UnityEngine.GameObject),84,21,21,0,0,1,N/A,N/A
Box(Clone) (UnityEngine.GameObject),B(Clone) (UnityEngine.GameObject),85,21,22,0,0,1,N/A,N/A
Explosive(Clone) (UnityEngine.GameObject),X(Clone) (UnityEngine.GameObject),86,21,17,0,0,1,N/A,N/A
Box(Clone) (UnityEngine.GameObject),B(Clone) (UnityEngine.GameObject),87,21,23,0,0,1,N/A,N/A
DroneEnemy(Clone) (UnityEngine.GameObject),E(Clone) (UnityEngine.GameObject),88,21,21,0,0,1,N/A,N/A
Box(Clone) (UnityEngine.GameObject),BE(Clone) (UnityEngine.GameObject),89,21,1,0,0,1,N/A,N/A
DroneEnemy(Clone) (UnityEngine.GameObject),BE(Clone) (UnityEngine.GameObject),89,21,1,0,1,1,N/A,N/A
Bullet(Clone) (UnityEngine.GameObject),BE(Clone) (UnityEngine.GameObject),89,21,1,0,1,1,N/A,N/A
Lava_lvl_1(Clone) (UnityEngine.GameObject),LE(Clone) (UnityEngine.GameObject),91,21,1,0,0,0,N/A,N/A
DroneEnemy(Clone) (UnityEngine.GameObject),LE(Clone) (UnityEngine.GameObject),91,21,1,0,1,1,N/A,N/A
Box(Clone) (UnityEngine.GameObject),B(Clone) (UnityEngine.GameObject),95,21,24,0,0,1,N/A,N/A
DroneEnemy(Clone) (UnityEngine.GameObject),EE(Clone) (UnityEngine.GameObject),96,21,1,0,0,1,N/A,N/A
Bullet(Clone) (UnityEngine.GameObject),EE(Clone) (UnityEngine.GameObject),96,21,1,-1,0,1,-11.53577,-2.009114
DroneEnemy(Clone) (UnityEngine.GameObject),EE(Clone) (UnityEngine.GameObject),96,21,1,0,1,1,N/A,N/A
Box(Clone) (UnityEngine.GameObject),BB(Clone) (UnityEngine.GameObject),98,21,1,-1,0,1,-0.5523071,0.7797825
Box(Clone) (UnityEngine.GameObject),BB(Clone) (UnityEngine.GameObject),98,21,1,-1,1,1,0.4053955,0.8096753
Lava_lvl_1(Clone) (UnityEngine.GameObject),BL(Clone) (UnityEngine.GameObject),100,21,1,0,1,0,N/A,N/A
Box(Clone) (UnityEngine.GameObject),BL(Clone) (UnityEngine.GameObject),100,21,1,0,0,1,N/A,N/A
Lava_lvl_1(Clone) (UnityEngine.GameObject),L(Clone) (UnityEngine.GameObject),102,21,28,0,0,0,N/A,N/A
Explosive(Clone) (UnityEngine.GameObject),X(Clone) (UnityEngine.GameObject),103,21,18,0,0,1,N/A,N/A
Box(Clone) (UnityEngine.GameObject),B(Clone) (UnityEngine.GameObject),104,21,25,0,0,1,N/A,N/A
Box(Clone) (UnityEngine.GameObject),B(Clone) (UnityEngine.GameObject),105,21,26,0,0,1,N/A,N/A
DroneEnemy(Clone) (UnityEngine.GameObject),EB(Clone) (UnityEngine.GameObject),106,21,1,0,0,1,N/A,N/A
Bullet(Clone) (UnityEngine.GameObject),EB(Clone) (UnityEngine.GameObject),106,21,1,0,0,1,N/A,N/A
Box(Clone) (UnityEngine.GameObject),EB(Clone) (UnityEngine.GameObject),106,21,1,0,1,1,N/A,N/A
DroneEnemy(Clone) (UnityEngine.GameObject),E(Clone) (UnityEngine.GameObject),108,21,22,0,0,1,N/A,N/A
Lava_lvl_1(Clone) (UnityEngine.GameObject),EL(Clone) (UnityEngine.GameObject),109,21,1,0,1,0,N/A,N/A
DroneEnemy(Clone) (UnityEngine.GameObject),EL(Clone) (UnityEngine.GameObject),109,21,1,0,0,1,N/A,N/A
Bullet(Clone) (UnityEngine.GameObject),EL(Clone) (UnityEngine.GameObject),109,21,1,0,0,1,N/A,N/A
Lava_lvl_1(Clone) (UnityEngine.GameObject),BL(Clone) (UnityEngine.GameObject),111,21,2,0,1,0,N/A,N/A
Box(Clone) (UnityEngine.GameObject),BL(Clone) (UnityEngine.GameObject),111,21,2,0,0,1,N/A,N/A
DroneEnemy(Clone) (UnityEngine.GameObject),E(Clone) (UnityEngine.GameObject),113,21,23,0,0,1,N/A,N/A
Box(Clone) (UnityEngine.GameObject),B(Clone) (UnityEngine.GameObject),114,21,27,-1,0,1,-0.6395874,0.7797825
Lava_lvl_1(Clone) (UnityEngine.GameObject),L(Clone) (UnityEngine.GameObject),115,21,29,0,0,0,N/A,N/A
Lava_lvl_1(Clone) (UnityEngine.GameObject),L(Clone) (UnityEngine.GameObject),116,21,30,0,0,0,N/A,N/A
DroneEnemy(Clone) (UnityEngine.GameObject),E(Clone) (UnityEngine.GameObject),117,21,24,0,0,1,N/A,N/A
Lava_lvl_1(Clone) (UnityEngine.GameObject),LB(Clone) (UnityEngine.GameObject),118,21,1,0,0,0,N/A,N/A
Box(Clone) (UnityEngine.GameObject),LB(Clone) (UnityEngine.GameObject),118,21,1,0,1,1,N/A,N/A
Explosive(Clone) (UnityEngine.GameObject),X(Clone) (UnityEngine.GameObject),120,21,19,0,0,1,N/A,N/A
DroneEnemy(Clone) (UnityEngine.GameObject),E(Clone) (UnityEngine.GameObject),121,21,25,0,0,1,N/A,N/A
Bullet(Clone) (UnityEngine.GameObject),E(Clone) (UnityEngine.GameObject),121,21,25,0,0,1,N/A,N/A
Box(Clone) (UnityEngine.GameObject),B(Clone) (UnityEngine.GameObject),122,21,28,0,0,1,N/A,N/A
Box(Clone) (UnityEngine.GameObject),B(Clone) (UnityEngine.GameObject),123,21,29,0,0,1,N/A,N/A
DroneEnemy(Clone) (UnityEngine.GameObject),E(Clone) (UnityEngine.GameObject),124,21,26,0,0,1,N/A,N/A
DroneEnemy(Clone) (UnityEngine.GameObject),E(Clone) (UnityEngine.GameObject),125,21,27,0,0,1,N/A,N/A
DroneEnemy(Clone) (UnityEngine.GameObject),E(Clone) (UnityEngine.GameObject),126,21,28,0,0,1,N/A,N/A
Bullet(Clone) (UnityEngine.GameObject),E(Clone) (UnityEngine.GameObject),126,21,28,0,0,1,N/A,N/A
Box(Clone) (UnityEngine.GameObject),B(Clone) (UnityEngine.GameObject),127,21,30,0,0,1,N/A,N/A
Lava_lvl_1(Clone) (UnityEngine.GameObject),L(Clone) (UnityEngine.GameObject),129,21,31,0,0,0,N/A,N/A
DroneEnemy(Clone) (UnityEngine.GameObject),E(Clone) (UnityEngine.GameObject),130,21,29,0,0,1,N/A,N/A
Box(Clone) (UnityEngine.GameObject),BE(Clone) (UnityEngine.GameObject),131,21,2,0,0,1,N/A,N/A
DroneEnemy(Clone) (UnityEngine.GameObject),BE(Clone) (UnityEngine.GameObject),131,21,2,0,1,1,N/A,N/A
Bullet(Clone) (UnityEngine.GameObject),BE(Clone) (UnityEngine.GameObject),131,21,2,-1,1,1,-6.908875,-0.5265759
Box(Clone) (UnityEngine.GameObject),B(Clone) (UnityEngine.GameObject),133,21,31,0,0,1,N/A,N/A
Box(Clone) (UnityEngine.GameObject),B(Clone) (UnityEngine.GameObject),134,21,32,0,0,1,N/A,N/A
DroneEnemy(Clone) (UnityEngine.GameObject),E(Clone) (UnityEngine.GameObject),135,21,30,0,0,1,N/A,N/A
Lava_lvl_1(Clone) (UnityEngine.GameObject),L(Clone) (UnityEngine.GameObject),136,21,32,0,0,0,N/A,N/A
DroneEnemy(Clone) (UnityEngine.GameObject),EE(Clone) (UnityEngine.GameObject),137,21,2,0,0,1,N/A,N/A
DroneEnemy(Clone) (UnityEngine.GameObject),EE(Clone) (UnityEngine.GameObject),137,21,2,0,1,1,N/A,N/A
DroneEnemy(Clone) (UnityEngine.GameObject),E(Clone) (UnityEngine.GameObject),139,21,31,0,0,1,N/A,N/A
DroneEnemy(Clone) (UnityEngine.GameObject),E(Clone) (UnityEngine.GameObject),141,21,32,0,0,1,N/A,N/A
Bullet(Clone) (UnityEngine.GameObject),E(Clone) (UnityEngine.GameObject),141,21,32,0,0,1,N/A,N/A
DroneEnemy(Clone) (UnityEngine.GameObject),E(Clone) (UnityEngine.GameObject),142,21,33,0,0,1,N/A,N/A
Bullet(Clone) (UnityEngine.GameObject),E(Clone) (UnityEngine.GameObject),142,21,33,0,0,1,N/A,N/A
DroneEnemy(Clone) (UnityEngine.GameObject),EB(Clone) (UnityEngine.GameObject),143,21,2,0,0,1,N/A,N/A
Box(Clone) (UnityEngine.GameObject),EB(Clone) (UnityEngine.GameObject),143,21,2,0,1,1,N/A,N/A
DroneEnemy(Clone) (UnityEngine.GameObject),EB(Clone) (UnityEngine.GameObject),145,21,3,0,0,1,N/A,N/A
Box(Clone) (UnityEngine.GameObject),EB(Clone) (UnityEngine.GameObject),145,21,3,0,1,1,N/A,N/A
DroneEnemy(Clone) (UnityEngine.GameObject),E(Clone) (UnityEngine.GameObject),147,21,34,0,0,1,N/A,N/A
Lava_lvl_1(Clone) (UnityEngine.GameObject),LE(Clone) (UnityEngine.GameObject),148,21,2,0,0,0,N/A,N/A
DroneEnemy(Clone) (UnityEngine.GameObject),LE(Clone) (UnityEngine.GameObject),148,21,2,0,1,1,N/A,N/A
Lava_lvl_1(Clone) (UnityEngine.GameObject),L(Clone) (UnityEngine.GameObject),150,21,33,0,0,0,N/A,N/A
Box(Clone) (UnityEngine.GameObject),B(Clone) (UnityEngine.GameObject),151,21,33,-1,0,1,-0.6110229,1.405077
Box(Clone) (UnityEngine.GameObject),B(Clone) (UnityEngine.GameObject),152,21,34,0,0,1,N/A,N/A
Box(Clone) (UnityEngine.GameObject),B(Clone) (UnityEngine.GameObject),153,21,35,0,0,1,N/A,N/A
Lava_lvl_1(Clone) (UnityEngine.GameObject),L(Clone) (UnityEngine.GameObject),154,21,34,0,0,0,N/A,N/A
Lava_lvl_1(Clone) (UnityEngine.GameObject),L(Clone) (UnityEngine.GameObject),155,21,35,0,0,0,N/A,N/A
Lava_lvl_1(Clone) (UnityEngine.GameObject),LB(Clone) (UnityEngine.GameObject),156,21,2,0,0,0,N/A,N/A
Box(Clone) (UnityEngine.GameObject),LB(Clone) (UnityEngine.GameObject),156,21,2,0,1,1,N/A,N/A
DroneEnemy(Clone) (UnityEngine.GameObject),E(Clone) (UnityEngine.GameObject),158,21,35,0,0,1,N/A,N/A
Bullet(Clone) (UnityEngine.GameObject),E(Clone) (UnityEngine.GameObject),158,21,35,-1,0,1,-9.074707,1.523947
Lava_lvl_1(Clone) (UnityEngine.GameObject),L(Clone) (UnityEngine.GameObject),159,21,36,0,0,0,N/A,N/A
Box(Clone) (UnityEngine.GameObject),B(Clone) (UnityEngine.GameObject),160,21,36,0,0,1,N/A,N/A
DroneEnemy(Clone) (UnityEngine.GameObject),EE(Clone) (UnityEngine.GameObject),161,21,3,0,0,1,N/A,N/A
DroneEnemy(Clone) (UnityEngine.GameObject),EE(Clone) (UnityEngine.GameObject),161,21,3,0,1,1,N/A,N/A
Bullet(Clone) (UnityEngine.GameObject),EE(Clone) (UnityEngine.GameObject),161,21,3,0,1,1,N/A,N/A
Box(Clone) (UnityEngine.GameObject),B(Clone) (UnityEngine.GameObject),163,21,37,0,0,1,N/A,N/A
Lava_lvl_1(Clone) (UnityEngine.GameObject),EL(Clone) (UnityEngine.GameObject),164,21,2,0,1,0,N/A,N/A
DroneEnemy(Clone) (UnityEngine.GameObject),EL(Clone) (UnityEngine.GameObject),164,21,2,0,0,1,N/A,N/A
Box(Clone) (UnityEngine.GameObject),B(Clone) (UnityEngine.GameObject),166,21,38,0,0,1,N/A,N/A
Explosive(Clone) (UnityEngine.GameObject),X(Clone) (UnityEngine.GameObject),168,21,20,-1,0,1,-0.6117554,1.466031
Box(Clone) (UnityEngine.GameObject),B(Clone) (UnityEngine.GameObject),169,21,39,0,0,1,N/A,N/A
Box(Clone) (UnityEngine.GameObject),B(Clone) (UnityEngine.GameObject),170,21,40,0,0,1,N/A,N/A
Box(Clone) (UnityEngine.GameObject),BE(Clone) (UnityEngine.GameObject),171,21,3,-1,0,1,-0.5947266,0.7797825
DroneEnemy(Clone) (UnityEngine.GameObject),BE(Clone) (UnityEngine.GameObject),171,21,3,0,1,1,N/A,N/A
Bullet(Clone) (UnityEngine.GameObject),BE(Clone) (UnityEngine.GameObject),171,21,3,0,1,1,N/A,N/A
DroneEnemy(Clone) (UnityEngine.GameObject),E(Clone) (UnityEngine.GameObject),173,21,36,0,0,1,N/A,N/A
Bullet(Clone) (UnityEngine.GameObject),E(Clone) (UnityEngine.GameObject),173,21,36,0,0,1,N/A,N/A
DroneEnemy(Clone) (UnityEngine.GameObject),E(Clone) (UnityEngine.GameObject),174,21,37,0,0,1,N/A,N/A
DroneEnemy(Clone) (UnityEngine.GameObject),E(Clone) (UnityEngine.GameObject),175,21,38,0,0,1,N/A,N/A
Lava_lvl_1(Clone) (UnityEngine.GameObject),BL(Clone) (UnityEngine.GameObject),176,21,3,0,1,0,N/A,N/A
Box(Clone) (UnityEngine.GameObject),BL(Clone) (UnityEngine.GameObject),176,21,3,0,0,1,N/A,N/A
DroneEnemy(Clone) (UnityEngine.GameObject),EB(Clone) (UnityEngine.GameObject),178,21,4,0,0,1,N/A,N/A
Box(Clone) (UnityEngine.GameObject),EB(Clone) (UnityEngine.GameObject),178,21,4,0,1,1,N/A,N/A
Lava_lvl_1(Clone) (UnityEngine.GameObject),LL(Clone) (UnityEngine.GameObject),180,21,1,0,0,0,N/A,N/A
Lava_lvl_1(Clone) (UnityEngine.GameObject),LL(Clone) (UnityEngine.GameObject),180,21,1,0,1,0,N/A,N/A
Box(Clone) (UnityEngine.GameObject),B(Clone) (UnityEngine.GameObject),182,21,41,0,0,1,N/A,N/A
Explosive(Clone) (UnityEngine.GameObject),X(Clone) (UnityEngine.GameObject),183,21,21,0,0,1,N/A,N/A
Lava_lvl_1(Clone) (UnityEngine.GameObject),L(Clone) (UnityEngine.GameObject),184,21,37,0,0,0,N/A,N/A
Lava_lvl_1(Clone) (UnityEngine.GameObject),EL(Clone) (UnityEngine.GameObject),185,21,3,0,1,0,N/A,N/A
DroneEnemy(Clone) (UnityEngine.GameObject),EL(Clone) (UnityEngine.GameObject),185,21,3,0,0,1,N/A,N/A
Lava_lvl_1(Clone) (UnityEngine.GameObject),L(Clone) (UnityEngine.GameObject),187,21,38,0,0,0,N/A,N/A
Lava_lvl_1(Clone) (UnityEngine.GameObject),L(Clone) (UnityEngine.GameObject),188,21,39,0,0,0,N/A,N/A
Box(Clone) (UnityEngine.GameObject),B(Clone) (UnityEngine.GameObject),189,21,42,0,0,1,N/A,N/A
Box(Clone) (UnityEngine.GameObject),B(Clone) (UnityEngine.GameObject),190,21,43,0,0,1,N/A,N/A
Lava_lvl_1(Clone) (UnityEngine.GameObject),BL(Clone) (UnityEngine.GameObject),191,21,4,0,1,0,N/A,N/A
Box(Clone) (UnityEngine.GameObject),BL(Clone) (UnityEngine.GameObject),191,21,4,0,0,1,N/A,N/A
DroneEnemy(Clone) (UnityEngine.GameObject),EE(Clone) (UnityEngine.GameObject),193,21,4,0,0,1,N/A,N/A
Bullet(Clone) (UnityEngine.GameObject),EE(Clone) (UnityEngine.GameObject),193,21,4,0,0,1,N/A,N/A
DroneEnemy(Clone) (UnityEngine.GameObject),EE(Clone) (UnityEngine.GameObject),193,21,4,0,1,1,N/A,N/A
Bullet(Clone) (UnityEngine.GameObject),EE(Clone) (UnityEngine.GameObject),193,21,4,-1,1,1,-11.41553,-0.5254403
Lava_lvl_1(Clone) (UnityEngine.GameObject),EL(Clone) (UnityEngine.GameObject),195,21,4,0,1,0,N/A,N/A
DroneEnemy(Clone) (UnityEngine.GameObject),EL(Clone) (UnityEngine.GameObject),195,21,4,0,0,1,N/A,N/A
Lava_lvl_1(Clone) (UnityEngine.GameObject),BL(Clone) (UnityEngine.GameObject),197,21,5,0,1,0,N/A,N/A
Box(Clone) (UnityEngine.GameObject),BL(Clone) (UnityEngine.GameObject),197,21,5,0,0,1,N/A,N/A
Box(Clone) (UnityEngine.GameObject),BB(Clone) (UnityEngine.GameObject),199,21,2,0,0,1,N/A,N/A
Box(Clone) (UnityEngine.GameObject),BB(Clone) (UnityEngine.GameObject),199,21,2,0,1,1,N/A,N/A
DroneEnemy(Clone) (UnityEngine.GameObject),E(Clone) (UnityEngine.GameObject),201,21,39,0,0,1,N/A,N/A
Lava_lvl_1(Clone) (UnityEngine.GameObject),L(Clone) (UnityEngine.GameObject),202,21,40,0,0,0,N/A,N/A
DroneEnemy(Clone) (UnityEngine.GameObject),EB(Clone) (UnityEngine.GameObject),203,21,5,0,0,1,N/A,N/A
Box(Clone) (UnityEngine.GameObject),EB(Clone) (UnityEngine.GameObject),203,21,5,0,1,1,N/A,N/A
Box(Clone) (UnityEngine.GameObject),BB(Clone) (UnityEngine.GameObject),205,21,3,-1,0,1,-0.6734619,1.337124
Box(Clone) (UnityEngine.GameObject),BB(Clone) (UnityEngine.GameObject),205,21,3,-1,1,1,0.4202271,0.7797825
DroneEnemy(Clone) (UnityEngine.GameObject),E(Clone) (UnityEngine.GameObject),207,21,40,0,0,1,N/A,N/A
Explosive(Clone) (UnityEngine.GameObject),X(Clone) (UnityEngine.GameObject),208,21,22,0,0,1,N/A,N/A
Box(Clone) (UnityEngine.GameObject),BE(Clone) (UnityEngine.GameObject),209,21,4,0,0,1,N/A,N/A
DroneEnemy(Clone) (UnityEngine.GameObject),BE(Clone) (UnityEngine.GameObject),209,21,4,0,1,1,N/A,N/A
Bullet(Clone) (UnityEngine.GameObject),BE(Clone) (UnityEngine.GameObject),209,21,4,-1,1,1,-11.03815,0.06651878
Box(Clone) (UnityEngine.GameObject),BE(Clone) (UnityEngine.GameObject),211,21,5,-1,0,1,-0.5643311,0.9415457
DroneEnemy(Clone) (UnityEngine.GameObject),BE(Clone) (UnityEngine.GameObject),211,21,5,0,1,1,N/A,N/A
Lava_lvl_1(Clone) (UnityEngine.GameObject),EL(Clone) (UnityEngine.GameObject),213,21,5,-1,1,0,0.6199951,0.763213
DroneEnemy(Clone) (UnityEngine.GameObject),EL(Clone) (UnityEngine.GameObject),213,21,5,0,0,1,N/A,N/A
Bullet(Clone) (UnityEngine.GameObject),EL(Clone) (UnityEngine.GameObject),213,21,5,0,0,1,N/A,N/A
Lava_lvl_1(Clone) (UnityEngine.GameObject),LL(Clone) (UnityEngine.GameObject),215,21,2,0,0,0,N/A,N/A
Lava_lvl_1(Clone) (UnityEngine.GameObject),LL(Clone) (UnityEngine.GameObject),215,21,2,0,1,0,N/A,N/A
Box(Clone) (UnityEngine.GameObject),B(Clone) (UnityEngine.GameObject),217,21,44,0,0,1,N/A,N/A
DroneEnemy(Clone) (UnityEngine.GameObject),E(Clone) (UnityEngine.GameObject),218,21,41,0,0,1,N/A,N/A
Lava_lvl_1(Clone) (UnityEngine.GameObject),LE(Clone) (UnityEngine.GameObject),219,21,3,0,0,0,N/A,N/A
DroneEnemy(Clone) (UnityEngine.GameObject),LE(Clone) (UnityEngine.GameObject),219,21,3,0,1,1,N/A,N/A
Explosive(Clone) (UnityEngine.GameObject),X(Clone) (UnityEngine.GameObject),221,21,23,0,0,1,N/A,N/A
Lava_lvl_1(Clone) (UnityEngine.GameObject),LL(Clone) (UnityEngine.GameObject),222,21,3,0,0,0,N/A,N/A
Lava_lvl_1(Clone) (UnityEngine.GameObject),LL(Clone) (UnityEngine.GameObject),222,21,3,0,1,0,N/A,N/A
Lava_lvl_1(Clone) (UnityEngine.GameObject),LE(Clone) (UnityEngine.GameObject),224,21,4,0,0,0,N/A,N/A
DroneEnemy(Clone) (UnityEngine.GameObject),LE(Clone) (UnityEngine.GameObject),224,21,4,0,1,1,N/A,N/A
Bullet(Clone) (UnityEngine.GameObject),LE(Clone) (UnityEngine.GameObject),224,21,4,0,1,1,N/A,N/A
DroneEnemy(Clone) (UnityEngine.GameObject),E(Clone) (UnityEngine.GameObject),226,21,42,0,0,1,N/A,N/A
Bullet(Clone) (UnityEngine.GameObject),E(Clone) (UnityEngine.GameObject),226,21,42,0,0,1,N/A,N/A
Explosive(Clone) (UnityEngine.GameObject),X(Clone) (UnityEngine.GameObject),227,21,24,0,0,1,N/A,N/A
Lava_lvl_1(Clone) (UnityEngine.GameObject),LE(Clone) (UnityEngine.GameObject),228,21,5,0,0,0,N/A,N/A
DroneEnemy(Clone) (UnityEngine.GameObject),LE(Clone) (UnityEngine.GameObject),228,21,5,0,1,1,N/A,N/A
DroneEnemy(Clone) (UnityEngine.GameObject),EB(Clone) (UnityEngine.GameObject),230,21,6,0,0,1,N/A,N/A
Box(Clone) (UnityEngine.GameObject),EB(Clone) (UnityEngine.GameObject),230,21,6,0,1,1,N/A,N/A
DroneEnemy(Clone) (UnityEngine.GameObject),E(Clone) (UnityEngine.GameObject),232,21,43,0,0,1,N/A,N/A
Box(Clone) (UnityEngine.GameObject),B(Clone) (UnityEngine.GameObject),233,21,45,0,0,1,N/A,N/A
Box(Clone) (UnityEngine.GameObject),BE(Clone) (UnityEngine.GameObject),234,21,6,0,0,1,N/A,N/A
DroneEnemy(Clone) (UnityEngine.GameObject),BE(Clone) (UnityEngine.GameObject),234,21,6,0,1,1,N/A,N/A
Box(Clone) (UnityEngine.GameObject),B(Clone) (UnityEngine.GameObject),236,21,46,0,0,1,N/A,N/A
DroneEnemy(Clone) (UnityEngine.GameObject),EE(Clone) (UnityEngine.GameObject),237,21,5,0,0,1,N/A,N/A
DroneEnemy(Clone) (UnityEngine.GameObject),EE(Clone) (UnityEngine.GameObject),237,21,5,0,1,1,N/A,N/A
Box(Clone) (UnityEngine.GameObject),BB(Clone) (UnityEngine.GameObject),240,21,4,0,0,1,N/A,N/A
Box(Clone) (UnityEngine.GameObject),BB(Clone) (UnityEngine.GameObject),240,21,4,0,1,1,N/A,N/A
Box(Clone) (UnityEngine.GameObject),B(Clone) (UnityEngine.GameObject),242,21,47,0,0,1,N/A,N/A
Lava_lvl_1(Clone) (UnityEngine.GameObject),L(Clone) (UnityEngine.GameObject),243,21,41,0,0,0,N/A,N/A
DroneEnemy(Clone) (UnityEngine.GameObject),E(Clone) (UnityEngine.GameObject),244,21,44,0,0,1,N/A,N/A
Bullet(Clone) (UnityEngine.GameObject),E(Clone) (UnityEngine.GameObject),244,21,44,0,0,1,N/A,N/A
Lava_lvl_1(Clone) (UnityEngine.GameObject),L(Clone) (UnityEngine.GameObject),245,21,42,0,0,0,N/A,N/A
Lava_lvl_1(Clone) (UnityEngine.GameObject),BL(Clone) (UnityEngine.GameObject),246,21,6,0,1,0,N/A,N/A
Box(Clone) (UnityEngine.GameObject),BL(Clone) (UnityEngine.GameObject),246,21,6,0,0,1,N/A,N/A
DroneEnemy(Clone) (UnityEngine.GameObject),E(Clone) (UnityEngine.GameObject),248,21,45,0,0,1,N/A,N/A
Bullet(Clone) (UnityEngine.GameObject),E(Clone) (UnityEngine.GameObject),248,21,45,-1,0,1,-7.086426,0.0819115
Explosive(Clone) (UnityEngine.GameObject),X(Clone) (UnityEngine.GameObject),249,21,25,0,0,1,N/A,N/A
DroneEnemy(Clone) (UnityEngine.GameObject),E(Clone) (UnityEngine.GameObject),250,21,46,0,0,1,N/A,N/A
Box(Clone) (UnityEngine.GameObject),B(Clone) (UnityEngine.GameObject),251,21,48,0,0,1,N/A,N/A
Box(Clone) (UnityEngine.GameObject),BB(Clone) (UnityEngine.GameObject),252,21,5,0,0,1,N/A,N/A
Box(Clone) (UnityEngine.GameObject),BB(Clone) (UnityEngine.GameObject),252,21,5,0,1,1,N/A,N/A
Box(Clone) (UnityEngine.GameObject),B(Clone) (UnityEngine.GameObject),254,21,49,0,0,1,N/A,N/A
Explosive(Clone) (UnityEngine.GameObject),X(Clone) (UnityEngine.GameObject),255,21,26,0,0,1,N/A,N/A
Lava_lvl_1(Clone) (UnityEngine.GameObject),L(Clone) (UnityEngine.GameObject),256,21,43,0,0,0,N/A,N/A
Lava_lvl_1(Clone) (UnityEngine.GameObject),EL(Clone) (UnityEngine.GameObject),257,21,6,0,1,0,N/A,N/A
DroneEnemy(Clone) (UnityEngine.GameObject),EL(Clone) (UnityEngine.GameObject),257,21,6,0,0,1,N/A,N/A
Bullet(Clone) (UnityEngine.GameObject),EL(Clone) (UnityEngine.GameObject),257,21,6,0,0,1,N/A,N/A
DroneEnemy(Clone) (UnityEngine.GameObject),E(Clone) (UnityEngine.GameObject),259,21,47,0,0,1,N/A,N/A
DroneEnemy(Clone) (UnityEngine.GameObject),E(Clone) (UnityEngine.GameObject),260,21,48,0,0,1,N/A,N/A
Bullet(Clone) (UnityEngine.GameObject),E(Clone) (UnityEngine.GameObject),260,21,48,0,0,1,N/A,N/A
Explosive(Clone) (UnityEngine.GameObject),X(Clone) (UnityEngine.GameObject),261,21,27,0,0,1,N/A,N/A
Lava_lvl_1(Clone) (UnityEngine.GameObject),LB(Clone) (UnityEngine.GameObject),262,21,3,0,0,0,N/A,N/A
Box(Clone) (UnityEngine.GameObject),LB(Clone) (UnityEngine.GameObject),262,21,3,0,1,1,N/A,N/A
DroneEnemy(Clone) (UnityEngine.GameObject),EE(Clone) (UnityEngine.GameObject),264,21,6,0,0,1,N/A,N/A
DroneEnemy(Clone) (UnityEngine.GameObject),EE(Clone) (UnityEngine.GameObject),264,21,6,0,1,1,N/A,N/A
DroneEnemy(Clone) (UnityEngine.GameObject),E(Clone) (UnityEngine.GameObject),267,21,49,0,0,1,N/A,N/A
Lava_lvl_1(Clone) (UnityEngine.GameObject),LL(Clone) (UnityEngine.GameObject),268,21,4,0,0,0,N/A,N/A
Lava_lvl_1(Clone) (UnityEngine.GameObject),LL(Clone) (UnityEngine.GameObject),268,21,4,0,1,0,N/A,N/A
Lava_lvl_1(Clone) (UnityEngine.GameObject),EL(Clone) (UnityEngine.GameObject),270,21,7,0,1,0,N/A,N/A
DroneEnemy(Clone) (UnityEngine.GameObject),EL(Clone) (UnityEngine.GameObject),270,21,7,0,0,1,N/A,N/A
Box(Clone) (UnityEngine.GameObject),BE(Clone) (UnityEngine.GameObject),272,21,7,0,0,1,N/A,N/A
DroneEnemy(Clone) (UnityEngine.GameObject),BE(Clone) (UnityEngine.GameObject),272,21,7,0,1,1,N/A,N/A
Bullet(Clone) (UnityEngine.GameObject),BE(Clone) (UnityEngine.GameObject),272,21,7,0,1,1,N/A,N/A
Explosive(Clone) (UnityEngine.GameObject),X(Clone) (UnityEngine.GameObject),274,21,28,0,0,1,N/A,N/A
Explosive(Clone) (UnityEngine.GameObject),X(Clone) (UnityEngine.GameObject),275,21,29,0,0,1,N/A,N/A
Lava_lvl_1(Clone) (UnityEngine.GameObject),LB(Clone) (UnityEngine.GameObject),276,21,4,0,0,0,N/A,N/A
Box(Clone) (UnityEngine.GameObject),LB(Clone) (UnityEngine.GameObject),276,21,4,0,1,1,N/A,N/A
Explosive(Clone) (UnityEngine.GameObject),X(Clone) (UnityEngine.GameObject),278,21,30,0,0,1,N/A,N/A
Lava_lvl_1(Clone) (UnityEngine.GameObject),LE(Clone) (UnityEngine.GameObject),279,21,6,0,0,0,N/A,N/A
DroneEnemy(Clone) (UnityEngine.GameObject),LE(Clone) (UnityEngine.GameObject),279,21,6,0,1,1,N/A,N/A
Bullet(Clone) (UnityEngine.GameObject),LE(Clone) (UnityEngine.GameObject),279,21,6,0,1,1,N/A,N/A
DroneEnemy(Clone) (UnityEngine.GameObject),E(Clone) (UnityEngine.GameObject),281,21,50,0,0,1,N/A,N/A
DroneEnemy(Clone) (UnityEngine.GameObject),EE(Clone) (UnityEngine.GameObject),282,21,7,0,0,1,N/A,N/A
DroneEnemy(Clone) (UnityEngine.GameObject),EE(Clone) (UnityEngine.GameObject),282,21,7,0,1,1,N/A,N/A
Lava_lvl_1(Clone) (UnityEngine.GameObject),LE(Clone) (UnityEngine.GameObject),284,21,7,0,0,0,N/A,N/A
DroneEnemy(Clone) (UnityEngine.GameObject),LE(Clone) (UnityEngine.GameObject),284,21,7,0,1,1,N/A,N/A
Explosive(Clone) (UnityEngine.GameObject),X(Clone) (UnityEngine.GameObject),286,21,31,0,0,1,N/A,N/A
Explosive(Clone) (UnityEngine.GameObject),X(Clone) (UnityEngine.GameObject),287,21,32,0,0,1,N/A,N/A
Lava_lvl_1(Clone) (UnityEngine.GameObject),LE(Clone) (UnityEngine.GameObject),288,21,8,0,0,0,N/A,N/A
DroneEnemy(Clone) (UnityEngine.GameObject),LE(Clone) (UnityEngine.GameObject),288,21,8,0,1,1,N/A,N/A
Bullet(Clone) (UnityEngine.GameObject),LE(Clone) (UnityEngine.GameObject),288,21,8,0,1,1,N/A,N/A
Lava_lvl_1(Clone) (UnityEngine.GameObject),EL(Clone) (UnityEngine.GameObject),290,21,8,-1,1,0,1.124023,0.7741258
DroneEnemy(Clone) (UnityEngine.GameObject),EL(Clone) (UnityEngine.GameObject),290,21,8,0,0,1,N/A,N/A
Explosive(Clone) (UnityEngine.GameObject),X(Clone) (UnityEngine.GameObject),293,21,33,0,0,1,N/A,N/A
Lava_lvl_1(Clone) (UnityEngine.GameObject),L(Clone) (UnityEngine.GameObject),294,21,44,0,0,0,N/A,N/A
Lava_lvl_1(Clone) (UnityEngine.GameObject),EL(Clone) (UnityEngine.GameObject),295,21,9,0,1,0,N/A,N/A
DroneEnemy(Clone) (UnityEngine.GameObject),EL(Clone) (UnityEngine.GameObject),295,21,9,0,0,1,N/A,N/A
Bullet(Clone) (UnityEngine.GameObject),EL(Clone) (UnityEngine.GameObject),295,21,9,0,0,1,N/A,N/A
Lava_lvl_1(Clone) (UnityEngine.GameObject),L(Clone) (UnityEngine.GameObject),297,21,45,0,0,0,N/A,N/A
Lava_lvl_1(Clone) (UnityEngine.GameObject),BL(Clone) (UnityEngine.GameObject),298,21,7,0,1,0,N/A,N/A
Box(Clone) (UnityEngine.GameObject),BL(Clone) (UnityEngine.GameObject),298,21,7,-1,0,1,-0.6546631,1.384995
DroneEnemy(Clone) (UnityEngine.GameObject),E(Clone) (UnityEngine.GameObject),300,21,51,0,0,1,N/A,N/A
DroneEnemy(Clone) (UnityEngine.GameObject),EB(Clone) (UnityEngine.GameObject),301,21,7,0,0,1,N/A,N/A
Box(Clone) (UnityEngine.GameObject),EB(Clone) (UnityEngine.GameObject),301,21,7,-1,1,1,0.3204346,1.134299
DroneEnemy(Clone) (UnityEngine.GameObject),E(Clone) (UnityEngine.GameObject),303,21,52,0,0,1,N/A,N/A
Explosive(Clone) (UnityEngine.GameObject),X(Clone) (UnityEngine.GameObject),304,21,34,-1,0,1,-0.6677246,1.396007
Box(Clone) (UnityEngine.GameObject),BE(Clone) (UnityEngine.GameObject),305,21,8,0,0,1,N/A,N/A
DroneEnemy(Clone) (UnityEngine.GameObject),BE(Clone) (UnityEngine.GameObject),305,21,8,0,1,1,N/A,N/A
Bullet(Clone) (UnityEngine.GameObject),BE(Clone) (UnityEngine.GameObject),305,21,8,-1,1,1,-2.069214,-0.09998035
Lava_lvl_1(Clone) (UnityEngine.GameObject),EL(Clone) (UnityEngine.GameObject),307,21,10,-1,1,0,0.5605469,0.77315
DroneEnemy(Clone) (UnityEngine.GameObject),EL(Clone) (UnityEngine.GameObject),307,21,10,0,0,1,N/A,N/A
Box(Clone) (UnityEngine.GameObject),B(Clone) (UnityEngine.GameObject),310,21,50,0,0,1,N/A,N/A
Lava_lvl_1(Clone) (UnityEngine.GameObject),LE(Clone) (UnityEngine.GameObject),311,21,9,0,0,0,N/A,N/A
DroneEnemy(Clone) (UnityEngine.GameObject),LE(Clone) (UnityEngine.GameObject),311,21,9,0,1,1,N/A,N/A
Bullet(Clone) (UnityEngine.GameObject),LE(Clone) (UnityEngine.GameObject),311,21,9,-1,1,1,-11.05518,-2.167464
Lava_lvl_1(Clone) (UnityEngine.GameObject),L(Clone) (UnityEngine.GameObject),313,21,46,0,0,0,N/A,N/A
Box(Clone) (UnityEngine.GameObject),B(Clone) (UnityEngine.GameObject),314,21,51,0,0,1,N/A,N/A
Lava_lvl_1(Clone) (UnityEngine.GameObject),L(Clone) (UnityEngine.GameObject),315,21,47,0,0,0,N/A,N/A
Lava_lvl_1(Clone) (UnityEngine.GameObject),LB(Clone) (UnityEngine.GameObject),316,21,5,0,0,0,N/A,N/A
Box(Clone) (UnityEngine.GameObject),LB(Clone) (UnityEngine.GameObject),316,21,5,0,1,1,N/A,N/A
Box(Clone) (UnityEngine.GameObject),BE(Clone) (UnityEngine.GameObject),318,21,9,0,0,1,N/A,N/A
DroneEnemy(Clone) (UnityEngine.GameObject),BE(Clone) (UnityEngine.GameObject),318,21,9,0,1,1,N/A,N/A
Explosive(Clone) (UnityEngine.GameObject),X(Clone) (UnityEngine.GameObject),320,21,35,0,0,1,N/A,N/A
Box(Clone) (UnityEngine.GameObject),B(Clone) (UnityEngine.GameObject),321,21,52,0,0,1,N/A,N/A
Lava_lvl_1(Clone) (UnityEngine.GameObject),LL(Clone) (UnityEngine.GameObject),322,21,5,0,0,0,N/A,N/A
Lava_lvl_1(Clone) (UnityEngine.GameObject),LL(Clone) (UnityEngine.GameObject),322,21,5,0,1,0,N/A,N/A
Lava_lvl_1(Clone) (UnityEngine.GameObject),LB(Clone) (UnityEngine.GameObject),324,21,6,0,0,0,N/A,N/A
Box(Clone) (UnityEngine.GameObject),LB(Clone) (UnityEngine.GameObject),324,21,6,0,1,1,N/A,N/A
Lava_lvl_1(Clone) (UnityEngine.GameObject),BL(Clone) (UnityEngine.GameObject),326,21,8,0,1,0,N/A,N/A
Box(Clone) (UnityEngine.GameObject),BL(Clone) (UnityEngine.GameObject),326,21,8,0,0,1,N/A,N/A
Lava_lvl_1(Clone) (UnityEngine.GameObject),LL(Clone) (UnityEngine.GameObject),329,21,6,0,0,0,N/A,N/A
Lava_lvl_1(Clone) (UnityEngine.GameObject),LL(Clone) (UnityEngine.GameObject),329,21,6,0,1,0,N/A,N/A
Lava_lvl_1(Clone) (UnityEngine.GameObject),BL(Clone) (UnityEngine.GameObject),331,21,9,0,1,0,N/A,N/A
Box(Clone) (UnityEngine.GameObject),BL(Clone) (UnityEngine.GameObject),331,21,9,0,0,1,N/A,N/A
Box(Clone) (UnityEngine.GameObject),B(Clone) (UnityEngine.GameObject),333,21,53,0,0,1,N/A,N/A
Lava_lvl_1(Clone) (UnityEngine.GameObject),BLB(Clone) (UnityEngine.GameObject),334,21,1,0,1,0,N/A,N/A
Box(Clone) (UnityEngine.GameObject),BLB(Clone) (UnityEngine.GameObject),334,21,1,0,0,1,N/A,N/A
Box(Clone) (UnityEngine.GameObject),BLB(Clone) (UnityEngine.GameObject),334,21,1,-1,2,1,1.456787,1.388249
Lava_lvl_1(Clone) (UnityEngine.GameObject),ELB(Clone) (UnityEngine.GameObject),337,21,1,-1,1,0,0.5240479,0.7787468
DroneEnemy(Clone) (UnityEngine.GameObject),ELB(Clone) (UnityEngine.GameObject),337,21,1,0,0,1,N/A,N/A
Bullet(Clone) (UnityEngine.GameObject),ELB(Clone) (UnityEngine.GameObject),337,21,1,0,0,1,N/A,N/A
Box(Clone) (UnityEngine.GameObject),ELB(Clone) (UnityEngine.GameObject),337,21,1,-1,2,1,1.346558,0.6271393
Explosive(Clone) (UnityEngine.GameObject),X(Clone) (UnityEngine.GameObject),340,21,36,0,0,1,N/A,N/A
Lava_lvl_1(Clone) (UnityEngine.GameObject),L(Clone) (UnityEngine.GameObject),341,21,48,-1,0,0,-0.3304443,0.7225244
Lava_lvl_1(Clone) (UnityEngine.GameObject),ELB(Clone) (UnityEngine.GameObject),342,21,2,0,1,0,N/A,N/A
DroneEnemy(Clone) (UnityEngine.GameObject),ELB(Clone) (UnityEngine.GameObject),342,21,2,0,0,1,N/A,N/A
Bullet(Clone) (UnityEngine.GameObject),ELB(Clone) (UnityEngine.GameObject),342,21,2,0,0,1,N/A,N/A
Box(Clone) (UnityEngine.GameObject),ELB(Clone) (UnityEngine.GameObject),342,21,2,-1,2,1,1.453857,1.220805
Explosive(Clone) (UnityEngine.GameObject),X(Clone) (UnityEngine.GameObject),345,21,37,0,0,1,N/A,N/A
Lava_lvl_1(Clone) (UnityEngine.GameObject),LB(Clone) (UnityEngine.GameObject),346,21,7,0,0,0,N/A,N/A
Box(Clone) (UnityEngine.GameObject),LB(Clone) (UnityEngine.GameObject),346,21,7,0,1,1,N/A,N/A
Lava_lvl_1(Clone) (UnityEngine.GameObject),LL(Clone) (UnityEngine.GameObject),348,21,7,0,0,0,N/A,N/A
Lava_lvl_1(Clone) (UnityEngine.GameObject),LL(Clone) (UnityEngine.GameObject),348,21,7,0,1,0,N/A,N/A
Lava_lvl_1(Clone) (UnityEngine.GameObject),ELB(Clone) (UnityEngine.GameObject),350,21,3,0,1,0,N/A,N/A
DroneEnemy(Clone) (UnityEngine.GameObject),ELB(Clone) (UnityEngine.GameObject),350,21,3,0,0,1,N/A,N/A
Box(Clone) (UnityEngine.GameObject),ELB(Clone) (UnityEngine.GameObject),350,21,3,0,2,1,N/A,N/A
DroneEnemy(Clone) (UnityEngine.GameObject),E(Clone) (UnityEngine.GameObject),353,21,53,0,0,1,N/A,N/A
Lava_lvl_1(Clone) (UnityEngine.GameObject),ELB(Clone) (UnityEngine.GameObject),354,21,4,0,1,0,N/A,N/A
DroneEnemy(Clone) (UnityEngine.GameObject),ELB(Clone) (UnityEngine.GameObject),354,21,4,0,0,1,N/A,N/A
Box(Clone) (UnityEngine.GameObject),ELB(Clone) (UnityEngine.GameObject),354,21,4,0,2,1,N/A,N/A
DroneEnemy(Clone) (UnityEngine.GameObject),E(Clone) (UnityEngine.GameObject),357,21,54,0,0,1,N/A,N/A
Bullet(Clone) (UnityEngine.GameObject),E(Clone) (UnityEngine.GameObject),357,21,54,0,0,1,N/A,N/A
Box(Clone) (UnityEngine.GameObject),B(Clone) (UnityEngine.GameObject),358,21,54,-1,0,1,-0.673584,0.7797825
Lava_lvl_1(Clone) (UnityEngine.GameObject),BLB(Clone) (UnityEngine.GameObject),359,21,2,0,1,0,N/A,N/A
Box(Clone) (UnityEngine.GameObject),BLB(Clone) (UnityEngine.GameObject),359,21,2,0,0,1,N/A,N/A
Box(Clone) (UnityEngine.GameObject),BLB(Clone) (UnityEngine.GameObject),359,21,2,0,2,1,N/A,N/A
Box(Clone) (UnityEngine.GameObject),BEB(Clone) (UnityEngine.GameObject),362,21,1,-1,0,1,-0.5683594,1.233195
DroneEnemy(Clone) (UnityEngine.GameObject),BEB(Clone) (UnityEngine.GameObject),362,21,1,0,1,1,N/A,N/A
Bullet(Clone) (UnityEngine.GameObject),BEB(Clone) (UnityEngine.GameObject),362,21,1,0,1,1,N/A,N/A
Box(Clone) (UnityEngine.GameObject),BEB(Clone) (UnityEngine.GameObject),362,21,1,0,2,1,N/A,N/A
Explosive(Clone) (UnityEngine.GameObject),X(Clone) (UnityEngine.GameObject),365,21,38,0,0,1,N/A,N/A
Box(Clone) (UnityEngine.GameObject),BEB(Clone) (UnityEngine.GameObject),366,21,2,0,0,1,N/A,N/A
DroneEnemy(Clone) (UnityEngine.GameObject),BEB(Clone) (UnityEngine.GameObject),366,21,2,0,1,1,N/A,N/A
Box(Clone) (UnityEngine.GameObject),BEB(Clone) (UnityEngine.GameObject),366,21,2,0,2,1,N/A,N/A
Box(Clone) (UnityEngine.GameObject),B(Clone) (UnityEngine.GameObject),369,21,55,0,0,1,N/A,N/A
Lava_lvl_1(Clone) (UnityEngine.GameObject),LEE(Clone) (UnityEngine.GameObject),370,21,1,-1,0,0,-0.4124756,0.7657344
DroneEnemy(Clone) (UnityEngine.GameObject),LEE(Clone) (UnityEngine.GameObject),370,21,1,0,1,1,N/A,N/A
Bullet(Clone) (UnityEngine.GameObject),LEE(Clone) (UnityEngine.GameObject),370,21,1,0,1,1,N/A,N/A
DroneEnemy(Clone) (UnityEngine.GameObject),LEE(Clone) (UnityEngine.GameObject),370,21,1,0,2,1,N/A,N/A
Lava_lvl_1(Clone) (UnityEngine.GameObject),L(Clone) (UnityEngine.GameObject),374,21,49,0,0,0,N/A,N/A
Box(Clone) (UnityEngine.GameObject),BB(Clone) (UnityEngine.GameObject),375,21,6,-1,0,1,-0.5379639,0.7797825
Box(Clone) (UnityEngine.GameObject),BB(Clone) (UnityEngine.GameObject),375,21,6,-1,1,1,0.3815918,0.7797825
DroneEnemy(Clone) (UnityEngine.GameObject),EB(Clone) (UnityEngine.GameObject),377,21,8,0,0,1,N/A,N/A
Box(Clone) (UnityEngine.GameObject),EB(Clone) (UnityEngine.GameObject),377,21,8,0,1,1,N/A,N/A
DroneEnemy(Clone) (UnityEngine.GameObject),EE(Clone) (UnityEngine.GameObject),379,21,8,0,0,1,N/A,N/A
DroneEnemy(Clone) (UnityEngine.GameObject),EE(Clone) (UnityEngine.GameObject),379,21,8,0,1,1,N/A,N/A
Explosive(Clone) (UnityEngine.GameObject),X(Clone) (UnityEngine.GameObject),381,21,39,0,0,1,N/A,N/A
Box(Clone) (UnityEngine.GameObject),B(Clone) (UnityEngine.GameObject),382,21,56,0,0,1,N/A,N/A
Box(Clone) (UnityEngine.GameObject),BBB(Clone) (UnityEngine.GameObject),383,21,1,0,0,1,N/A,N/A
Box(Clone) (UnityEngine.GameObject),BBB(Clone) (UnityEngine.GameObject),383,21,1,0,1,1,N/A,N/A
Box(Clone) (UnityEngine.GameObject),BBB(Clone) (UnityEngine.GameObject),383,21,1,-1,0,2,-0.5859375,1.740902
Lava_lvl_1(Clone) (UnityEngine.GameObject),LE(Clone) (UnityEngine.GameObject),386,21,10,0,0,0,N/A,N/A
DroneEnemy(Clone) (UnityEngine.GameObject),LE(Clone) (UnityEngine.GameObject),386,21,10,0,1,1,N/A,N/A
Bullet(Clone) (UnityEngine.GameObject),LE(Clone) (UnityEngine.GameObject),386,21,10,0,1,1,N/A,N/A
Lava_lvl_1(Clone) (UnityEngine.GameObject),L(Clone) (UnityEngine.GameObject),388,21,50,0,0,0,N/A,N/A
Lava_lvl_1(Clone) (UnityEngine.GameObject),L(Clone) (UnityEngine.GameObject),389,21,51,-1,0,0,-0.4121094,0.7656135
DroneEnemy(Clone) (UnityEngine.GameObject),EE(Clone) (UnityEngine.GameObject),390,21,9,0,0,1,N/A,N/A
Bullet(Clone) (UnityEngine.GameObject),EE(Clone) (UnityEngine.GameObject),390,21,9,0,0,1,N/A,N/A
DroneEnemy(Clone) (UnityEngine.GameObject),EE(Clone) (UnityEngine.GameObject),390,21,9,0,1,1,N/A,N/A
Box(Clone) (UnityEngine.GameObject),B(Clone) (UnityEngine.GameObject),392,21,57,0,0,1,N/A,N/A
DroneEnemy(Clone) (UnityEngine.GameObject),E(Clone) (UnityEngine.GameObject),393,21,55,0,0,1,N/A,N/A
Explosive(Clone) (UnityEngine.GameObject),X(Clone) (UnityEngine.GameObject),394,21,40,0,0,1,N/A,N/A
Lava_lvl_1(Clone) (UnityEngine.GameObject),LB(Clone) (UnityEngine.GameObject),395,21,8,0,0,0,N/A,N/A
Box(Clone) (UnityEngine.GameObject),LB(Clone) (UnityEngine.GameObject),395,21,8,0,1,1,N/A,N/A
Box(Clone) (UnityEngine.GameObject),BEB(Clone) (UnityEngine.GameObject),397,21,3,0,0,1,N/A,N/A
DroneEnemy(Clone) (UnityEngine.GameObject),BEB(Clone) (UnityEngine.GameObject),397,21,3,0,1,1,N/A,N/A
Box(Clone) (UnityEngine.GameObject),BEB(Clone) (UnityEngine.GameObject),397,21,3,0,2,1,N/A,N/A
DroneEnemy(Clone) (UnityEngine.GameObject),E(Clone) (UnityEngine.GameObject),400,21,56,0,0,1,N/A,N/A
Lava_lvl_1(Clone) (UnityEngine.GameObject),L(Clone) (UnityEngine.GameObject),401,21,52,0,0,0,N/A,N/A
DroneEnemy(Clone) (UnityEngine.GameObject),E(Clone) (UnityEngine.GameObject),402,21,57,0,0,1,N/A,N/A
Bullet(Clone) (UnityEngine.GameObject),E(Clone) (UnityEngine.GameObject),402,21,57,-1,0,1,-7.814819,1.424765
Box(Clone) (UnityEngine.GameObject),B(Clone) (UnityEngine.GameObject),403,21,58,0,0,1,N/A,N/A
Box(Clone) (UnityEngine.GameObject),B(Clone) (UnityEngine.GameObject),404,21,59,0,0,1,N/A,N/A
Box(Clone) (UnityEngine.GameObject),B(Clone) (UnityEngine.GameObject),405,21,60,0,0,1,N/A,N/A
Explosive(Clone) (UnityEngine.GameObject),X(Clone) (UnityEngine.GameObject),406,21,41,0,0,1,N/A,N/A
Box(Clone) (UnityEngine.GameObject),B(Clone) (UnityEngine.GameObject),407,21,61,-1,0,1,-0.6744385,0.7797825
Lava_lvl_1(Clone) (UnityEngine.GameObject),LEE(Clone) (UnityEngine.GameObject),408,21,2,0,0,0,N/A,N/A
DroneEnemy(Clone) (UnityEngine.GameObject),LEE(Clone) (UnityEngine.GameObject),408,21,2,0,1,1,N/A,N/A
DroneEnemy(Clone) (UnityEngine.GameObject),LEE(Clone) (UnityEngine.GameObject),408,21,2,0,2,1,N/A,N/A
Bullet(Clone) (UnityEngine.GameObject),LEE(Clone) (UnityEngine.GameObject),408,21,2,0,2,1,N/A,N/A
Box(Clone) (UnityEngine.GameObject),BEB(Clone) (UnityEngine.GameObject),411,21,4,-1,0,1,-0.6832275,0.7797825
DroneEnemy(Clone) (UnityEngine.GameObject),BEB(Clone) (UnityEngine.GameObject),411,21,4,0,1,1,N/A,N/A
Box(Clone) (UnityEngine.GameObject),BEB(Clone) (UnityEngine.GameObject),411,21,4,-1,2,1,1.42981,0.7797825
Lava_lvl_1(Clone) (UnityEngine.GameObject),BL(Clone) (UnityEngine.GameObject),414,21,10,0,1,0,N/A,N/A
Box(Clone) (UnityEngine.GameObject),BL(Clone) (UnityEngine.GameObject),414,21,10,0,0,1,N/A,N/A
Explosive(Clone) (UnityEngine.GameObject),X(Clone) (UnityEngine.GameObject),416,21,42,-1,0,1,-0.630249,1.49468
DroneEnemy(Clone) (UnityEngine.GameObject),EB(Clone) (UnityEngine.GameObject),417,21,9,0,0,1,N/A,N/A
Box(Clone) (UnityEngine.GameObject),EB(Clone) (UnityEngine.GameObject),417,21,9,0,1,1,N/A,N/A
Lava_lvl_1(Clone) (UnityEngine.GameObject),LL(Clone) (UnityEngine.GameObject),419,21,8,0,0,0,N/A,N/A
Lava_lvl_1(Clone) (UnityEngine.GameObject),LL(Clone) (UnityEngine.GameObject),419,21,8,0,1,0,N/A,N/A
Lava_lvl_1(Clone) (UnityEngine.GameObject),LBL(Clone) (UnityEngine.GameObject),421,21,1,0,0,0,N/A,N/A
Lava_lvl_1(Clone) (UnityEngine.GameObject),LBL(Clone) (UnityEngine.GameObject),421,21,1,0,2,0,N/A,N/A
Box(Clone) (UnityEngine.GameObject),LBL(Clone) (UnityEngine.GameObject),421,21,1,0,1,1,N/A,N/A
Lava_lvl_1(Clone) (UnityEngine.GameObject),LBL(Clone) (UnityEngine.GameObject),424,21,2,0,0,0,N/A,N/A
Lava_lvl_1(Clone) (UnityEngine.GameObject),LBL(Clone) (UnityEngine.GameObject),424,21,2,0,2,0,N/A,N/A
Box(Clone) (UnityEngine.GameObject),LBL(Clone) (UnityEngine.GameObject),424,21,2,0,1,1,N/A,N/A
Explosive(Clone) (UnityEngine.GameObject),X(Clone) (UnityEngine.GameObject),427,21,43,0,0,1,N/A,N/A
Box(Clone) (UnityEngine.GameObject),B(Clone) (UnityEngine.GameObject),428,21,62,0,0,1,N/A,N/A
DroneEnemy(Clone) (UnityEngine.GameObject),EE(Clone) (UnityEngine.GameObject),429,21,10,0,0,1,N/A,N/A
DroneEnemy(Clone) (UnityEngine.GameObject),EE(Clone) (UnityEngine.GameObject),429,21,10,0,1,1,N/A,N/A
Bullet(Clone) (UnityEngine.GameObject),EE(Clone) (UnityEngine.GameObject),429,21,10,0,1,1,N/A,N/A
DroneEnemy(Clone) (UnityEngine.GameObject),EB(Clone) (UnityEngine.GameObject),431,21,10,0,0,1,N/A,N/A
Bullet(Clone) (UnityEngine.GameObject),EB(Clone) (UnityEngine.GameObject),431,21,10,-1,0,1,-12.0376,-0.5693816
Box(Clone) (UnityEngine.GameObject),EB(Clone) (UnityEngine.GameObject),431,21,10,0,1,1,N/A,N/A
Lava_lvl_1(Clone) (UnityEngine.GameObject),BLB(Clone) (UnityEngine.GameObject),433,21,3,0,1,0,N/A,N/A
Box(Clone) (UnityEngine.GameObject),BLB(Clone) (UnityEngine.GameObject),433,21,3,0,0,1,N/A,N/A
Box(Clone) (UnityEngine.GameObject),BLB(Clone) (UnityEngine.GameObject),433,21,3,0,2,1,N/A,N/A
Box(Clone) (UnityEngine.GameObject),B(Clone) (UnityEngine.GameObject),437,21,63,0,0,1,N/A,N/A
DroneEnemy(Clone) (UnityEngine.GameObject),E(Clone) (UnityEngine.GameObject),438,21,58,0,0,1,N/A,N/A
Box(Clone) (UnityEngine.GameObject),B(Clone) (UnityEngine.GameObject),439,21,64,-1,0,1,-0.6855469,1.09315
Box(Clone) (UnityEngine.GameObject),BB(Clone) (UnityEngine.GameObject),440,21,7,-1,0,1,-0.6099854,0.7797825
Box(Clone) (UnityEngine.GameObject),BB(Clone) (UnityEngine.GameObject),440,21,7,-1,1,1,0.3154297,0.7797825
Lava_lvl_1(Clone) (UnityEngine.GameObject),L(Clone) (UnityEngine.GameObject),442,21,53,0,0,0,N/A,N/A
Lava_lvl_1(Clone) (UnityEngine.GameObject),BL(Clone) (UnityEngine.GameObject),443,21,11,0,1,0,N/A,N/A
Box(Clone) (UnityEngine.GameObject),BL(Clone) (UnityEngine.GameObject),443,21,11,0,0,1,N/A,N/A
Box(Clone) (UnityEngine.GameObject),BBB(Clone) (UnityEngine.GameObject),445,21,2,-1,0,1,-0.569458,0.7797825
Box(Clone) (UnityEngine.GameObject),BBB(Clone) (UnityEngine.GameObject),445,21,2,-1,1,1,0.3861084,0.7797825
Box(Clone) (UnityEngine.GameObject),BBB(Clone) (UnityEngine.GameObject),445,21,2,0,0,2,N/A,N/A
DroneEnemy(Clone) (UnityEngine.GameObject),E(Clone) (UnityEngine.GameObject),448,21,59,0,0,1,N/A,N/A
Bullet(Clone) (UnityEngine.GameObject),E(Clone) (UnityEngine.GameObject),448,21,59,0,0,1,N/A,N/A
Explosive(Clone) (UnityEngine.GameObject),X(Clone) (UnityEngine.GameObject),450,21,44,0,0,1,N/A,N/A
DroneEnemy(Clone) (UnityEngine.GameObject),EB(Clone) (UnityEngine.GameObject),452,21,11,0,0,1,N/A,N/A
Bullet(Clone) (UnityEngine.GameObject),EB(Clone) (UnityEngine.GameObject),452,21,11,0,0,1,N/A,N/A
Box(Clone) (UnityEngine.GameObject),EB(Clone) (UnityEngine.GameObject),452,21,11,0,1,1,N/A,N/A
Box(Clone) (UnityEngine.GameObject),BB(Clone) (UnityEngine.GameObject),454,21,8,-1,0,1,-0.6114502,0.7797825
Box(Clone) (UnityEngine.GameObject),BB(Clone) (UnityEngine.GameObject),454,21,8,-1,1,1,0.407959,0.7797825
Lava_lvl_1(Clone) (UnityEngine.GameObject),LEE(Clone) (UnityEngine.GameObject),456,21,3,0,0,0,N/A,N/A
DroneEnemy(Clone) (UnityEngine.GameObject),LEE(Clone) (UnityEngine.GameObject),456,21,3,0,1,1,N/A,N/A
DroneEnemy(Clone) (UnityEngine.GameObject),LEE(Clone) (UnityEngine.GameObject),456,21,3,0,2,1,N/A,N/A
Box(Clone) (UnityEngine.GameObject),B(Clone) (UnityEngine.GameObject),459,21,65,0,0,1,N/A,N/A
DroneEnemy(Clone) (UnityEngine.GameObject),E(Clone) (UnityEngine.GameObject),460,21,60,0,0,1,N/A,N/A
Lava_lvl_1(Clone) (UnityEngine.GameObject),L(Clone) (UnityEngine.GameObject),461,21,54,0,0,0,N/A,N/A
Lava_lvl_1(Clone) (UnityEngine.GameObject),EL(Clone) (UnityEngine.GameObject),462,21,11,0,1,0,N/A,N/A
DroneEnemy(Clone) (UnityEngine.GameObject),EL(Clone) (UnityEngine.GameObject),462,21,11,0,0,1,N/A,N/A
Bullet(Clone) (UnityEngine.GameObject),EL(Clone) (UnityEngine.GameObject),462,21,11,0,0,1,N/A,N/A
Lava_lvl_1(Clone) (UnityEngine.GameObject),ELB(Clone) (UnityEngine.GameObject),464,21,5,0,1,0,N/A,N/A
DroneEnemy(Clone) (UnityEngine.GameObject),ELB(Clone) (UnityEngine.GameObject),464,21,5,0,0,1,N/A,N/A
Bullet(Clone) (UnityEngine.GameObject),ELB(Clone) (UnityEngine.GameObject),464,21,5,0,0,1,N/A,N/A
Box(Clone) (UnityEngine.GameObject),ELB(Clone) (UnityEngine.GameObject),464,21,5,0,2,1,N/A,N/A
Lava_lvl_1(Clone) (UnityEngine.GameObject),L(Clone) (UnityEngine.GameObject),467,21,55,0,0,0,N/A,N/A
Lava_lvl_1(Clone) (UnityEngine.GameObject),LBL(Clone) (UnityEngine.GameObject),468,21,3,0,0,0,N/A,N/A
Lava_lvl_1(Clone) (UnityEngine.GameObject),LBL(Clone) (UnityEngine.GameObject),468,21,3,0,2,0,N/A,N/A
Box(Clone) (UnityEngine.GameObject),LBL(Clone) (UnityEngine.GameObject),468,21,3,0,1,1,N/A,N/A
Box(Clone) (UnityEngine.GameObject),BBB(Clone) (UnityEngine.GameObject),471,21,3,0,0,1,N/A,N/A
Box(Clone) (UnityEngine.GameObject),BBB(Clone) (UnityEngine.GameObject),471,21,3,0,1,1,N/A,N/A
Box(Clone) (UnityEngine.GameObject),BBB(Clone) (UnityEngine.GameObject),471,21,3,-1,0,2,-0.6607666,2.110293
Lava_lvl_1(Clone) (UnityEngine.GameObject),LL(Clone) (UnityEngine.GameObject),474,21,9,0,0,0,N/A,N/A
Lava_lvl_1(Clone) (UnityEngine.GameObject),LL(Clone) (UnityEngine.GameObject),474,21,9,0,1,0,N/A,N/A
DroneEnemy(Clone) (UnityEngine.GameObject),EE(Clone) (UnityEngine.GameObject),476,21,11,0,0,1,N/A,N/A
DroneEnemy(Clone) (UnityEngine.GameObject),EE(Clone) (UnityEngine.GameObject),476,21,11,0,1,1,N/A,N/A
Lava_lvl_1(Clone) (UnityEngine.GameObject),ELB(Clone) (UnityEngine.GameObject),478,21,6,0,1,0,N/A,N/A
DroneEnemy(Clone) (UnityEngine.GameObject),ELB(Clone) (UnityEngine.GameObject),478,21,6,0,0,1,N/A,N/A
Box(Clone) (UnityEngine.GameObject),ELB(Clone) (UnityEngine.GameObject),478,21,6,0,2,1,N/A,N/A
Lava_lvl_1(Clone) (UnityEngine.GameObject),LEE(Clone) (UnityEngine.GameObject),481,21,4,-1,0,0,0.4517822,0.8082581
DroneEnemy(Clone) (UnityEngine.GameObject),LEE(Clone) (UnityEngine.GameObject),481,21,4,0,1,1,N/A,N/A
DroneEnemy(Clone) (UnityEngine.GameObject),LEE(Clone) (UnityEngine.GameObject),481,21,4,0,2,1,N/A,N/A
Explosive(Clone) (UnityEngine.GameObject),X(Clone) (UnityEngine.GameObject),484,21,45,0,0,1,N/A,N/A
DroneEnemy(Clone) (UnityEngine.GameObject),E(Clone) (UnityEngine.GameObject),485,21,61,0,0,1,N/A,N/A
Bullet(Clone) (UnityEngine.GameObject),E(Clone) (UnityEngine.GameObject),485,21,61,0,0,1,N/A,N/A
Lava_lvl_1(Clone) (UnityEngine.GameObject),LBL(Clone) (UnityEngine.GameObject),486,21,4,-1,0,0,0.1099854,0.7132343
Lava_lvl_1(Clone) (UnityEngine.GameObject),LBL(Clone) (UnityEngine.GameObject),486,21,4,0,2,0,N/A,N/A
Box(Clone) (UnityEngine.GameObject),LBL(Clone) (UnityEngine.GameObject),486,21,4,0,1,1,N/A,N/A
DroneEnemy(Clone) (UnityEngine.GameObject),E(Clone) (UnityEngine.GameObject),489,21,62,0,0,1,N/A,N/A
Lava_lvl_1(Clone) (UnityEngine.GameObject),L(Clone) (UnityEngine.GameObject),490,21,56,0,0,0,N/A,N/A
Lava_lvl_1(Clone) (UnityEngine.GameObject),LE(Clone) (UnityEngine.GameObject),491,21,11,0,0,0,N/A,N/A
DroneEnemy(Clone) (UnityEngine.GameObject),LE(Clone) (UnityEngine.GameObject),491,21,11,0,1,1,N/A,N/A
Bullet(Clone) (UnityEngine.GameObject),LE(Clone) (UnityEngine.GameObject),491,21,11,-1,1,1,-10.85828,-0.9024885
Lava_lvl_1(Clone) (UnityEngine.GameObject),BL(Clone) (UnityEngine.GameObject),493,21,12,0,1,0,N/A,N/A
Box(Clone) (UnityEngine.GameObject),BL(Clone) (UnityEngine.GameObject),493,21,12,0,0,1,N/A,N/A
Lava_lvl_1(Clone) (UnityEngine.GameObject),BL(Clone) (UnityEngine.GameObject),495,21,13,-1,1,0,1.31543,0.710232
Box(Clone) (UnityEngine.GameObject),BL(Clone) (UnityEngine.GameObject),495,21,13,0,0,1,N/A,N/A
Explosive(Clone) (UnityEngine.GameObject),X(Clone) (UnityEngine.GameObject),497,21,46,0,0,1,N/A,N/A
Box(Clone) (UnityEngine.GameObject),BBB(Clone) (UnityEngine.GameObject),498,21,4,-1,0,1,-0.5229492,0.7797825
Box(Clone) (UnityEngine.GameObject),BBB(Clone) (UnityEngine.GameObject),498,21,4,-1,1,1,0.3024902,0.8521131
Box(Clone) (UnityEngine.GameObject),BBB(Clone) (UnityEngine.GameObject),498,21,4,0,0,2,N/A,N/A
