Lava_lvl_1(Clone) (UnityEngine.GameObject),L(Clone) (UnityEngine.GameObject),125,0,1294,1,0,0,0,N/A,N/A
Lava_lvl_1(Clone) (UnityEngine.GameObject),L(Clone) (UnityEngine.GameObject),126,0,1294,2,0,0,0,N/A,N/A
Lava_lvl_1(Clone) (UnityEngine.GameObject),L(Clone) (UnityEngine.GameObject),127,0,1294,3,0,0,0,N/A,N/A
Lava_lvl_1(Clone) (UnityEngine.GameObject),L(Clone) (UnityEngine.GameObject),128,0,1294,4,0,0,0,N/A,N/A
DroneEnemy(Clone) (UnityEngine.GameObject),E(Clone) (UnityEngine.GameObject),129,0,1294,1,1,0,1,-2.286224,1.884757
DroneEnemy(Clone) (UnityEngine.GameObject),E(Clone) (UnityEngine.GameObject),130,0,1294,2,1,0,1,-2.392155,2.270422
Bullet(Clone) (UnityEngine.GameObject),E(Clone) (UnityEngine.GameObject),130,0,1294,2,0,0,1,N/A,N/A
Box(Clone) (UnityEngine.GameObject),B(Clone) (UnityEngine.GameObject),131,0,1294,1,1,0,1,-1.765453,0.7797825
Lava_lvl_1(Clone) (UnityEngine.GameObject),L(Clone) (UnityEngine.GameObject),132,0,1294,5,0,0,0,N/A,N/A
DroneEnemy(Clone) (UnityEngine.GameObject),E(Clone) (UnityEngine.GameObject),133,0,1294,3,1,0,1,-2.210701,1.996435
Bullet(Clone) (UnityEngine.GameObject),E(Clone) (UnityEngine.GameObject),133,0,1294,3,0,0,1,N/A,N/A
DroneEnemy(Clone) (UnityEngine.GameObject),E(Clone) (UnityEngine.GameObject),134,0,1294,4,1,0,1,0.006385803,2.334545
Bullet(Clone) (UnityEngine.GameObject),E(Clone) (UnityEngine.GameObject),134,0,1294,4,0,0,1,N/A,N/A
DroneEnemy(Clone) (UnityEngine.GameObject),E(Clone) (UnityEngine.GameObject),135,0,1294,5,1,0,1,-2.280083,2.126706
Lava_lvl_1(Clone) (UnityEngine.GameObject),L(Clone) (UnityEngine.GameObject),136,0,1294,6,0,0,0,N/A,N/A
Lava_lvl_1(Clone) (UnityEngine.GameObject),L(Clone) (UnityEngine.GameObject),137,0,1294,7,0,0,0,N/A,N/A
Lava_lvl_1(Clone) (UnityEngine.GameObject),L(Clone) (UnityEngine.GameObject),138,0,1294,8,0,0,0,N/A,N/A
Box(Clone) (UnityEngine.GameObject),B(Clone) (UnityEngine.GameObject),139,0,1294,2,1,0,1,-1.717751,0.7797825
Lava_lvl_1(Clone) (UnityEngine.GameObject),L(Clone) (UnityEngine.GameObject),140,0,1294,9,0,0,0,N/A,N/A
DroneEnemy(Clone) (UnityEngine.GameObject),E(Clone) (UnityEngine.GameObject),141,0,1294,6,0,0,1,N/A,N/A
Lava_lvl_1(Clone) (UnityEngine.GameObject),L(Clone) (UnityEngine.GameObject),142,0,1294,10,0,0,0,N/A,N/A
Box(Clone) (UnityEngine.GameObject),B(Clone) (UnityEngine.GameObject),143,0,1294,3,1,0,1,-1.723099,2.384772
Box(Clone) (UnityEngine.GameObject),B(Clone) (UnityEngine.GameObject),144,0,1294,4,1,0,1,-2.15863,2.197039
Box(Clone) (UnityEngine.GameObject),B(Clone) (UnityEngine.GameObject),145,0,1294,5,1,0,1,-1.759186,2.232184
Box(Clone) (UnityEngine.GameObject),B(Clone) (UnityEngine.GameObject),146,0,1294,6,1,0,1,-2.192688,2.176485
DroneEnemy(Clone) (UnityEngine.GameObject),E(Clone) (UnityEngine.GameObject),147,0,1294,7,0,0,1,N/A,N/A
Bullet(Clone) (UnityEngine.GameObject),E(Clone) (UnityEngine.GameObject),147,0,1294,7,-1,0,1,-1.300858,-1.603559
Lava_lvl_1(Clone) (UnityEngine.GameObject),L(Clone) (UnityEngine.GameObject),148,0,1294,11,0,0,0,N/A,N/A
Box(Clone) (UnityEngine.GameObject),BX(Clone) (UnityEngine.GameObject),149,0,1294,1,1,0,1,-1.564346,0.7797825
Explosive(Clone) (UnityEngine.GameObject),BX(Clone) (UnityEngine.GameObject),149,0,1294,1,-1,1,1,-0.7691803,1.01042
Lava_lvl_1(Clone) (UnityEngine.GameObject),LL(Clone) (UnityEngine.GameObject),151,0,1294,1,0,0,0,N/A,N/A
Lava_lvl_1(Clone) (UnityEngine.GameObject),LL(Clone) (UnityEngine.GameObject),151,0,1294,1,0,1,0,N/A,N/A
Lava_lvl_1(Clone) (UnityEngine.GameObject),BL(Clone) (UnityEngine.GameObject),153,0,1294,1,0,1,0,N/A,N/A
Box(Clone) (UnityEngine.GameObject),BL(Clone) (UnityEngine.GameObject),153,0,1294,1,1,0,1,-1.749695,0.7797825
DroneEnemy(Clone) (UnityEngine.GameObject),E(Clone) (UnityEngine.GameObject),155,0,1294,8,1,0,1,-2.391251,2.270158
Bullet(Clone) (UnityEngine.GameObject),E(Clone) (UnityEngine.GameObject),155,0,1294,8,0,0,1,N/A,N/A
Box(Clone) (UnityEngine.GameObject),BX(Clone) (UnityEngine.GameObject),156,0,1294,2,1,0,1,-1.765274,0.7797825
Explosive(Clone) (UnityEngine.GameObject),BX(Clone) (UnityEngine.GameObject),156,0,1294,2,-1,1,1,-0.8031464,1.272575
Lava_lvl_1(Clone) (UnityEngine.GameObject),EL(Clone) (UnityEngine.GameObject),158,0,1294,1,0,1,0,N/A,N/A
DroneEnemy(Clone) (UnityEngine.GameObject),EL(Clone) (UnityEngine.GameObject),158,0,1294,1,1,0,1,-0.4535522,2.211981
Bullet(Clone) (UnityEngine.GameObject),EL(Clone) (UnityEngine.GameObject),158,0,1294,1,-1,0,1,-3.104218,-2.728248
DroneEnemy(Clone) (UnityEngine.GameObject),EB(Clone) (UnityEngine.GameObject),160,0,1294,1,1,0,1,-2.349197,2.363436
Bullet(Clone) (UnityEngine.GameObject),EB(Clone) (UnityEngine.GameObject),160,0,1294,1,0,0,1,N/A,N/A
Box(Clone) (UnityEngine.GameObject),EB(Clone) (UnityEngine.GameObject),160,0,1294,1,1,1,1,-1.019241,1.173556
DroneEnemy(Clone) (UnityEngine.GameObject),E(Clone) (UnityEngine.GameObject),162,0,1294,9,1,0,1,-2.132156,2.325893
DroneEnemy(Clone) (UnityEngine.GameObject),EB(Clone) (UnityEngine.GameObject),163,0,1294,2,1,0,1,-0.2793884,2.282621
Bullet(Clone) (UnityEngine.GameObject),EB(Clone) (UnityEngine.GameObject),163,0,1294,2,0,0,1,N/A,N/A
Box(Clone) (UnityEngine.GameObject),EB(Clone) (UnityEngine.GameObject),163,0,1294,2,1,1,1,-0.8090363,1.896381
Lava_lvl_1(Clone) (UnityEngine.GameObject),LL(Clone) (UnityEngine.GameObject),165,0,1294,2,0,0,0,N/A,N/A
Lava_lvl_1(Clone) (UnityEngine.GameObject),LL(Clone) (UnityEngine.GameObject),165,0,1294,2,0,1,0,N/A,N/A
DroneEnemy(Clone) (UnityEngine.GameObject),EB(Clone) (UnityEngine.GameObject),167,0,1294,3,1,0,1,-2.202911,2.318443
Bullet(Clone) (UnityEngine.GameObject),EB(Clone) (UnityEngine.GameObject),167,0,1294,3,0,0,1,N/A,N/A
Box(Clone) (UnityEngine.GameObject),EB(Clone) (UnityEngine.GameObject),167,0,1294,3,1,1,1,-1.277924,1.541137
Box(Clone) (UnityEngine.GameObject),BX(Clone) (UnityEngine.GameObject),169,0,1294,3,0,0,1,N/A,N/A
Explosive(Clone) (UnityEngine.GameObject),BX(Clone) (UnityEngine.GameObject),169,0,1294,3,0,1,1,N/A,N/A
Box(Clone) (UnityEngine.GameObject),BX(Clone) (UnityEngine.GameObject),171,0,1294,4,1,0,1,-1.771515,0.7797825
Explosive(Clone) (UnityEngine.GameObject),BX(Clone) (UnityEngine.GameObject),171,0,1294,4,0,1,1,N/A,N/A
Lava_lvl_1(Clone) (UnityEngine.GameObject),EL(Clone) (UnityEngine.GameObject),173,0,1294,2,-1,1,0,1.363403,0.7451038
DroneEnemy(Clone) (UnityEngine.GameObject),EL(Clone) (UnityEngine.GameObject),173,0,1294,2,1,0,1,-1.156769,2.019333
Bullet(Clone) (UnityEngine.GameObject),EL(Clone) (UnityEngine.GameObject),173,0,1294,2,0,0,1,N/A,N/A
Box(Clone) (UnityEngine.GameObject),B(Clone) (UnityEngine.GameObject),175,0,1294,7,1,0,1,-1.801941,0.7797825
Box(Clone) (UnityEngine.GameObject),B^X(Clone) (UnityEngine.GameObject),176,0,1294,1,1,0,1,-1.705078,0.7797825
Explosive(Clone) (UnityEngine.GameObject),B^X(Clone) (UnityEngine.GameObject),176,0,1294,1,0,0,2,N/A,N/A
Box(Clone) (UnityEngine.GameObject),B^X(Clone) (UnityEngine.GameObject),177,0,1294,2,1,0,1,-1.740814,0.7797482
Explosive(Clone) (UnityEngine.GameObject),B^X(Clone) (UnityEngine.GameObject),177,0,1294,2,0,0,2,N/A,N/A
Lava_lvl_1(Clone) (UnityEngine.GameObject),LB(Clone) (UnityEngine.GameObject),178,0,1294,1,0,0,0,N/A,N/A
Box(Clone) (UnityEngine.GameObject),LB(Clone) (UnityEngine.GameObject),178,0,1294,1,1,1,1,-0.05426025,2.334568
Box(Clone) (UnityEngine.GameObject),B(Clone) (UnityEngine.GameObject),180,0,1294,8,1,0,1,-1.560211,0.7797825
Box(Clone) (UnityEngine.GameObject),B(Clone) (UnityEngine.GameObject),181,0,1294,9,1,0,1,-1.727234,0.7797825
DroneEnemy(Clone) (UnityEngine.GameObject),EB(Clone) (UnityEngine.GameObject),182,0,1294,4,0,0,1,N/A,N/A
Bullet(Clone) (UnityEngine.GameObject),EB(Clone) (UnityEngine.GameObject),182,0,1294,4,0,0,1,N/A,N/A
Box(Clone) (UnityEngine.GameObject),EB(Clone) (UnityEngine.GameObject),182,0,1294,4,1,1,1,-1.234375,1.350148
Box(Clone) (UnityEngine.GameObject),B(Clone) (UnityEngine.GameObject),184,0,1294,10,1,0,1,-1.648315,0.7797825
Box(Clone) (UnityEngine.GameObject),B^X(Clone) (UnityEngine.GameObject),185,0,1294,3,1,0,1,-1.816772,0.7797004
Explosive(Clone) (UnityEngine.GameObject),B^X(Clone) (UnityEngine.GameObject),185,0,1294,3,0,0,2,N/A,N/A
DroneEnemy(Clone) (UnityEngine.GameObject),EB(Clone) (UnityEngine.GameObject),186,0,1294,5,1,0,1,-1.848663,2.268409
Bullet(Clone) (UnityEngine.GameObject),EB(Clone) (UnityEngine.GameObject),186,0,1294,5,0,0,1,N/A,N/A
Box(Clone) (UnityEngine.GameObject),EB(Clone) (UnityEngine.GameObject),186,0,1294,5,1,1,1,-1.188446,1.722701
DroneEnemy(Clone) (UnityEngine.GameObject),EB(Clone) (UnityEngine.GameObject),188,0,1294,6,0,0,1,N/A,N/A
Bullet(Clone) (UnityEngine.GameObject),EB(Clone) (UnityEngine.GameObject),188,0,1294,6,0,0,1,N/A,N/A
Box(Clone) (UnityEngine.GameObject),EB(Clone) (UnityEngine.GameObject),188,0,1294,6,1,1,1,-1.179352,1.997545
Lava_lvl_1(Clone) (UnityEngine.GameObject),LL(Clone) (UnityEngine.GameObject),190,0,1294,3,0,0,0,N/A,N/A
Lava_lvl_1(Clone) (UnityEngine.GameObject),LL(Clone) (UnityEngine.GameObject),190,0,1294,3,0,1,0,N/A,N/A
DroneEnemy(Clone) (UnityEngine.GameObject),E(Clone) (UnityEngine.GameObject),192,0,1294,10,0,0,1,N/A,N/A
Lava_lvl_1(Clone) (UnityEngine.GameObject),EL(Clone) (UnityEngine.GameObject),193,0,1294,3,0,1,0,N/A,N/A
DroneEnemy(Clone) (UnityEngine.GameObject),EL(Clone) (UnityEngine.GameObject),193,0,1294,3,0,0,1,N/A,N/A
DroneEnemy(Clone) (UnityEngine.GameObject),E(Clone) (UnityEngine.GameObject),195,0,1294,11,1,0,1,-2.272369,2.27114
Bullet(Clone) (UnityEngine.GameObject),E(Clone) (UnityEngine.GameObject),195,0,1294,11,0,0,1,N/A,N/A
DroneEnemy(Clone) (UnityEngine.GameObject),E(Clone) (UnityEngine.GameObject),196,0,1294,12,1,0,1,-2.290527,2.383345
Lava_lvl_1(Clone) (UnityEngine.GameObject),LB(Clone) (UnityEngine.GameObject),197,0,1294,2,0,0,0,N/A,N/A
Box(Clone) (UnityEngine.GameObject),LB(Clone) (UnityEngine.GameObject),197,0,1294,2,1,1,1,-0.5991821,2.128056
Box(Clone) (UnityEngine.GameObject),BX(Clone) (UnityEngine.GameObject),199,0,1294,5,1,0,1,-1.57486,0.7797825
Explosive(Clone) (UnityEngine.GameObject),BX(Clone) (UnityEngine.GameObject),199,0,1294,5,0,1,1,N/A,N/A
Lava_lvl_1(Clone) (UnityEngine.GameObject),LL(Clone) (UnityEngine.GameObject),201,0,1294,4,0,0,0,N/A,N/A
Lava_lvl_1(Clone) (UnityEngine.GameObject),LL(Clone) (UnityEngine.GameObject),201,0,1294,4,0,1,0,N/A,N/A
Box(Clone) (UnityEngine.GameObject),B(Clone) (UnityEngine.GameObject),203,0,1294,11,1,0,1,-1.401764,2.369102
Lava_lvl_1(Clone) (UnityEngine.GameObject),BL(Clone) (UnityEngine.GameObject),204,0,1294,2,0,1,0,N/A,N/A
Box(Clone) (UnityEngine.GameObject),BL(Clone) (UnityEngine.GameObject),204,0,1294,2,1,0,1,-1.573883,0.7797825
Box(Clone) (UnityEngine.GameObject),B(Clone) (UnityEngine.GameObject),206,0,1294,12,1,0,1,-1.735718,0.7797825
Lava_lvl_1(Clone) (UnityEngine.GameObject),EL(Clone) (UnityEngine.GameObject),207,0,1294,4,0,1,0,N/A,N/A
DroneEnemy(Clone) (UnityEngine.GameObject),EL(Clone) (UnityEngine.GameObject),207,0,1294,4,1,0,1,-2.299713,1.759788
Bullet(Clone) (UnityEngine.GameObject),EL(Clone) (UnityEngine.GameObject),207,0,1294,4,0,0,1,N/A,N/A
Lava_lvl_1(Clone) (UnityEngine.GameObject),LB(Clone) (UnityEngine.GameObject),209,0,1294,3,0,0,0,N/A,N/A
Box(Clone) (UnityEngine.GameObject),LB(Clone) (UnityEngine.GameObject),209,0,1294,3,1,1,1,-0.3601074,2.125005
Box(Clone) (UnityEngine.GameObject),BX(Clone) (UnityEngine.GameObject),211,0,1294,6,0,0,1,N/A,N/A
Explosive(Clone) (UnityEngine.GameObject),BX(Clone) (UnityEngine.GameObject),211,0,1294,6,0,1,1,N/A,N/A
DroneEnemy(Clone) (UnityEngine.GameObject),EB(Clone) (UnityEngine.GameObject),213,0,1294,7,1,0,1,-2.158386,2.382696
Box(Clone) (UnityEngine.GameObject),EB(Clone) (UnityEngine.GameObject),213,0,1294,7,1,1,1,-1.2323,1.869139
Box(Clone) (UnityEngine.GameObject),B(Clone) (UnityEngine.GameObject),215,0,1294,13,1,0,1,-1.796906,0.7797825
DroneEnemy(Clone) (UnityEngine.GameObject),EB(Clone) (UnityEngine.GameObject),216,0,1294,8,0,0,1,N/A,N/A
Bullet(Clone) (UnityEngine.GameObject),EB(Clone) (UnityEngine.GameObject),216,0,1294,8,0,0,1,N/A,N/A
Box(Clone) (UnityEngine.GameObject),EB(Clone) (UnityEngine.GameObject),216,0,1294,8,1,1,1,-1.168335,0.8018354
Lava_lvl_1(Clone) (UnityEngine.GameObject),LB(Clone) (UnityEngine.GameObject),218,0,1294,4,0,0,0,N/A,N/A
Box(Clone) (UnityEngine.GameObject),LB(Clone) (UnityEngine.GameObject),218,0,1294,4,1,1,1,-0.557312,2.282596
Box(Clone) (UnityEngine.GameObject),B^X(Clone) (UnityEngine.GameObject),220,0,1294,4,1,0,1,-1.532013,0.7797825
Explosive(Clone) (UnityEngine.GameObject),B^X(Clone) (UnityEngine.GameObject),220,0,1294,4,0,0,2,N/A,N/A
DroneEnemy(Clone) (UnityEngine.GameObject),E(Clone) (UnityEngine.GameObject),221,0,1294,13,1,0,1,-2.19281,2.378619
Bullet(Clone) (UnityEngine.GameObject),E(Clone) (UnityEngine.GameObject),221,0,1294,13,-1,0,1,-0.602356,-0.2211003
Lava_lvl_1(Clone) (UnityEngine.GameObject),L(Clone) (UnityEngine.GameObject),222,0,1294,12,0,0,0,N/A,N/A
Box(Clone) (UnityEngine.GameObject),B(Clone) (UnityEngine.GameObject),223,0,1294,14,1,0,1,-1.572601,0.7797825
Lava_lvl_1(Clone) (UnityEngine.GameObject),BL(Clone) (UnityEngine.GameObject),224,0,1294,3,0,1,0,N/A,N/A
Box(Clone) (UnityEngine.GameObject),BL(Clone) (UnityEngine.GameObject),224,0,1294,3,1,0,1,-1.741058,0.7797486
Lava_lvl_1(Clone) (UnityEngine.GameObject),LB(Clone) (UnityEngine.GameObject),226,0,1294,5,0,0,0,N/A,N/A
Box(Clone) (UnityEngine.GameObject),LB(Clone) (UnityEngine.GameObject),226,0,1294,5,1,1,1,-0.1986694,2.282587
Lava_lvl_1(Clone) (UnityEngine.GameObject),EL(Clone) (UnityEngine.GameObject),228,0,1294,5,0,1,0,N/A,N/A
DroneEnemy(Clone) (UnityEngine.GameObject),EL(Clone) (UnityEngine.GameObject),228,0,1294,5,1,0,1,-0.512207,2.211211
Bullet(Clone) (UnityEngine.GameObject),EL(Clone) (UnityEngine.GameObject),228,0,1294,5,0,0,1,N/A,N/A
Lava_lvl_1(Clone) (UnityEngine.GameObject),BL(Clone) (UnityEngine.GameObject),230,0,1294,4,0,1,0,N/A,N/A
Box(Clone) (UnityEngine.GameObject),BL(Clone) (UnityEngine.GameObject),230,0,1294,4,1,0,1,-1.332703,0.7797825
DroneEnemy(Clone) (UnityEngine.GameObject),EB(Clone) (UnityEngine.GameObject),232,0,1294,9,1,0,1,-1.907898,2.022326
Box(Clone) (UnityEngine.GameObject),EB(Clone) (UnityEngine.GameObject),232,0,1294,9,1,1,1,-1.247498,2.368801
Lava_lvl_1(Clone) (UnityEngine.GameObject),LB(Clone) (UnityEngine.GameObject),234,0,1294,6,0,0,0,N/A,N/A
Box(Clone) (UnityEngine.GameObject),LB(Clone) (UnityEngine.GameObject),234,0,1294,6,1,1,1,-0.3577881,2.369392
Lava_lvl_1(Clone) (UnityEngine.GameObject),L(Clone) (UnityEngine.GameObject),236,0,1294,13,0,0,0,N/A,N/A
Box(Clone) (UnityEngine.GameObject),BX(Clone) (UnityEngine.GameObject),237,0,1294,7,1,0,1,-1.767395,0.7797825
Explosive(Clone) (UnityEngine.GameObject),BX(Clone) (UnityEngine.GameObject),237,0,1294,7,0,1,1,N/A,N/A
Lava_lvl_1(Clone) (UnityEngine.GameObject),L(Clone) (UnityEngine.GameObject),239,0,1294,14,0,0,0,N/A,N/A
Lava_lvl_1(Clone) (UnityEngine.GameObject),LL(Clone) (UnityEngine.GameObject),240,0,1294,5,0,0,0,N/A,N/A
Lava_lvl_1(Clone) (UnityEngine.GameObject),LL(Clone) (UnityEngine.GameObject),240,0,1294,5,0,1,0,N/A,N/A
Box(Clone) (UnityEngine.GameObject),BX(Clone) (UnityEngine.GameObject),242,0,1294,8,1,0,1,-1.634766,0.7797825
Explosive(Clone) (UnityEngine.GameObject),BX(Clone) (UnityEngine.GameObject),242,0,1294,8,-1,1,1,-0.7070923,1.22329
DroneEnemy(Clone) (UnityEngine.GameObject),EB(Clone) (UnityEngine.GameObject),244,0,1294,10,0,0,1,N/A,N/A
Box(Clone) (UnityEngine.GameObject),EB(Clone) (UnityEngine.GameObject),244,0,1294,10,1,1,1,-0.6231079,2.384758
Box(Clone) (UnityEngine.GameObject),B(Clone) (UnityEngine.GameObject),246,0,1294,15,1,0,1,-1.731628,0.7797825
Lava_lvl_1(Clone) (UnityEngine.GameObject),BL(Clone) (UnityEngine.GameObject),247,0,1294,5,0,1,0,N/A,N/A
Box(Clone) (UnityEngine.GameObject),BL(Clone) (UnityEngine.GameObject),247,0,1294,5,1,0,1,-1.766724,0.7797825
Lava_lvl_1(Clone) (UnityEngine.GameObject),BL(Clone) (UnityEngine.GameObject),249,0,1294,6,0,1,0,N/A,N/A
Box(Clone) (UnityEngine.GameObject),BL(Clone) (UnityEngine.GameObject),249,0,1294,6,1,0,1,-1.816101,0.7797126
Lava_lvl_1(Clone) (UnityEngine.GameObject),L(Clone) (UnityEngine.GameObject),251,0,1294,15,0,0,0,N/A,N/A
Lava_lvl_1(Clone) (UnityEngine.GameObject),EL(Clone) (UnityEngine.GameObject),252,0,1294,6,0,1,0,N/A,N/A
DroneEnemy(Clone) (UnityEngine.GameObject),EL(Clone) (UnityEngine.GameObject),252,0,1294,6,1,0,1,-1.237366,1.895767
DroneEnemy(Clone) (UnityEngine.GameObject),E(Clone) (UnityEngine.GameObject),254,0,1294,14,1,0,1,-1.398071,2.269168
Bullet(Clone) (UnityEngine.GameObject),E(Clone) (UnityEngine.GameObject),254,0,1294,14,-1,0,1,-3.255127,0.2681997
Lava_lvl_1(Clone) (UnityEngine.GameObject),BL(Clone) (UnityEngine.GameObject),255,0,1294,7,0,1,0,N/A,N/A
Box(Clone) (UnityEngine.GameObject),BL(Clone) (UnityEngine.GameObject),255,0,1294,7,1,0,1,-1.779846,0.7797825
Lava_lvl_1(Clone) (UnityEngine.GameObject),LL(Clone) (UnityEngine.GameObject),257,0,1294,6,0,0,0,N/A,N/A
Lava_lvl_1(Clone) (UnityEngine.GameObject),LL(Clone) (UnityEngine.GameObject),257,0,1294,6,0,1,0,N/A,N/A
DroneEnemy(Clone) (UnityEngine.GameObject),E(Clone) (UnityEngine.GameObject),259,0,1294,15,0,0,1,N/A,N/A
Box(Clone) (UnityEngine.GameObject),B^X(Clone) (UnityEngine.GameObject),260,0,1294,5,1,0,1,-1.723206,0.7797825
Explosive(Clone) (UnityEngine.GameObject),B^X(Clone) (UnityEngine.GameObject),260,0,1294,5,0,0,2,N/A,N/A
Lava_lvl_1(Clone) (UnityEngine.GameObject),LLL(Clone) (UnityEngine.GameObject),261,0,1294,1,0,0,0,N/A,N/A
Lava_lvl_1(Clone) (UnityEngine.GameObject),LLL(Clone) (UnityEngine.GameObject),261,0,1294,1,0,1,0,N/A,N/A
Lava_lvl_1(Clone) (UnityEngine.GameObject),LLL(Clone) (UnityEngine.GameObject),261,0,1294,1,0,2,0,N/A,N/A
Lava_lvl_1(Clone) (UnityEngine.GameObject),ELB(Clone) (UnityEngine.GameObject),264,0,1294,1,0,1,0,N/A,N/A
DroneEnemy(Clone) (UnityEngine.GameObject),ELB(Clone) (UnityEngine.GameObject),264,0,1294,1,1,0,1,-2.277588,1.724175
Bullet(Clone) (UnityEngine.GameObject),ELB(Clone) (UnityEngine.GameObject),264,0,1294,1,0,0,1,N/A,N/A
Box(Clone) (UnityEngine.GameObject),ELB(Clone) (UnityEngine.GameObject),264,0,1294,1,0,2,1,N/A,N/A
Lava_lvl_1(Clone) (UnityEngine.GameObject),LLL(Clone) (UnityEngine.GameObject),267,0,1294,2,0,0,0,N/A,N/A
Lava_lvl_1(Clone) (UnityEngine.GameObject),LLL(Clone) (UnityEngine.GameObject),267,0,1294,2,0,1,0,N/A,N/A
Lava_lvl_1(Clone) (UnityEngine.GameObject),LLL(Clone) (UnityEngine.GameObject),267,0,1294,2,0,2,0,N/A,N/A
Box(Clone) (UnityEngine.GameObject),BEB(Clone) (UnityEngine.GameObject),270,0,1294,1,1,0,1,-1.355469,2.384802
DroneEnemy(Clone) (UnityEngine.GameObject),BEB(Clone) (UnityEngine.GameObject),270,0,1294,1,1,1,1,-1.355469,2.384802
Box(Clone) (UnityEngine.GameObject),BEB(Clone) (UnityEngine.GameObject),270,0,1294,1,1,2,1,-0.1622314,1.723484
Box(Clone) (UnityEngine.GameObject),BEB(Clone) (UnityEngine.GameObject),273,0,1294,2,1,0,1,-0.8682251,2.384848
DroneEnemy(Clone) (UnityEngine.GameObject),BEB(Clone) (UnityEngine.GameObject),273,0,1294,2,1,1,1,-0.8682251,2.384848
Box(Clone) (UnityEngine.GameObject),BEB(Clone) (UnityEngine.GameObject),273,0,1294,2,1,2,1,-0.2055664,1.989749
Lava_lvl_1(Clone) (UnityEngine.GameObject),EL(Clone) (UnityEngine.GameObject),276,0,1294,7,0,1,0,N/A,N/A
DroneEnemy(Clone) (UnityEngine.GameObject),EL(Clone) (UnityEngine.GameObject),276,0,1294,7,1,0,1,-2.284241,2.177152
Bullet(Clone) (UnityEngine.GameObject),EL(Clone) (UnityEngine.GameObject),276,0,1294,7,0,0,1,N/A,N/A
Lava_lvl_1(Clone) (UnityEngine.GameObject),LLL(Clone) (UnityEngine.GameObject),278,0,1294,3,0,0,0,N/A,N/A
Lava_lvl_1(Clone) (UnityEngine.GameObject),LLL(Clone) (UnityEngine.GameObject),278,0,1294,3,0,1,0,N/A,N/A
Lava_lvl_1(Clone) (UnityEngine.GameObject),LLL(Clone) (UnityEngine.GameObject),278,0,1294,3,0,2,0,N/A,N/A
Lava_lvl_1(Clone) (UnityEngine.GameObject),LLL(Clone) (UnityEngine.GameObject),281,0,1294,4,0,0,0,N/A,N/A
Lava_lvl_1(Clone) (UnityEngine.GameObject),LLL(Clone) (UnityEngine.GameObject),281,0,1294,4,0,1,0,N/A,N/A
Lava_lvl_1(Clone) (UnityEngine.GameObject),LLL(Clone) (UnityEngine.GameObject),281,0,1294,4,0,2,0,N/A,N/A
Lava_lvl_1(Clone) (UnityEngine.GameObject),LLB(Clone) (UnityEngine.GameObject),284,0,1294,1,0,0,0,N/A,N/A
Lava_lvl_1(Clone) (UnityEngine.GameObject),LLB(Clone) (UnityEngine.GameObject),284,0,1294,1,0,1,0,N/A,N/A
Box(Clone) (UnityEngine.GameObject),LLB(Clone) (UnityEngine.GameObject),284,0,1294,1,1,2,1,1.440491,2.148523
Box(Clone) (UnityEngine.GameObject),B^BB(Clone) (UnityEngine.GameObject),287,0,1294,1,1,0,1,-1.202026,2.383078
Box(Clone) (UnityEngine.GameObject),B^BB(Clone) (UnityEngine.GameObject),287,0,1294,1,1,1,1,-1.202026,2.383078
Box(Clone) (UnityEngine.GameObject),B^BB(Clone) (UnityEngine.GameObject),287,0,1294,1,1,0,2,-1.202026,2.383078
Lava_lvl_1(Clone) (UnityEngine.GameObject),LLB(Clone) (UnityEngine.GameObject),290,0,1294,2,0,0,0,N/A,N/A
Lava_lvl_1(Clone) (UnityEngine.GameObject),LLB(Clone) (UnityEngine.GameObject),290,0,1294,2,0,1,0,N/A,N/A
Box(Clone) (UnityEngine.GameObject),LLB(Clone) (UnityEngine.GameObject),290,0,1294,2,0,2,1,N/A,N/A
Box(Clone) (UnityEngine.GameObject),BEB(Clone) (UnityEngine.GameObject),293,0,1294,3,1,0,1,-1.482971,0.779721
DroneEnemy(Clone) (UnityEngine.GameObject),BEB(Clone) (UnityEngine.GameObject),293,0,1294,3,0,1,1,N/A,N/A
Bullet(Clone) (UnityEngine.GameObject),BEB(Clone) (UnityEngine.GameObject),293,0,1294,3,0,1,1,N/A,N/A
Box(Clone) (UnityEngine.GameObject),BEB(Clone) (UnityEngine.GameObject),293,0,1294,3,1,2,1,0.2453003,0.7797825
Lava_lvl_1(Clone) (UnityEngine.GameObject),LB(Clone) (UnityEngine.GameObject),296,0,1294,7,0,0,0,N/A,N/A
Box(Clone) (UnityEngine.GameObject),LB(Clone) (UnityEngine.GameObject),296,0,1294,7,1,1,1,0.1251831,2.282578
Lava_lvl_1(Clone) (UnityEngine.GameObject),LXL(Clone) (UnityEngine.GameObject),298,0,1294,1,0,0,0,N/A,N/A
Lava_lvl_1(Clone) (UnityEngine.GameObject),LXL(Clone) (UnityEngine.GameObject),298,0,1294,1,0,2,0,N/A,N/A
Explosive(Clone) (UnityEngine.GameObject),LXL(Clone) (UnityEngine.GameObject),298,0,1294,1,0,1,1,N/A,N/A
Lava_lvl_1(Clone) (UnityEngine.GameObject),LLB(Clone) (UnityEngine.GameObject),301,0,1294,3,0,0,0,N/A,N/A
Lava_lvl_1(Clone) (UnityEngine.GameObject),LLB(Clone) (UnityEngine.GameObject),301,0,1294,3,0,1,0,N/A,N/A
Box(Clone) (UnityEngine.GameObject),LLB(Clone) (UnityEngine.GameObject),301,0,1294,3,0,2,1,N/A,N/A
Lava_lvl_1(Clone) (UnityEngine.GameObject),LL(Clone) (UnityEngine.GameObject),304,0,1294,7,0,0,0,N/A,N/A
Lava_lvl_1(Clone) (UnityEngine.GameObject),LL(Clone) (UnityEngine.GameObject),304,0,1294,7,0,1,0,N/A,N/A
Box(Clone) (UnityEngine.GameObject),BX(Clone) (UnityEngine.GameObject),306,0,1294,9,0,0,1,N/A,N/A
Explosive(Clone) (UnityEngine.GameObject),BX(Clone) (UnityEngine.GameObject),306,0,1294,9,0,1,1,N/A,N/A
Box(Clone) (UnityEngine.GameObject),BX(Clone) (UnityEngine.GameObject),308,0,1294,10,0,0,1,N/A,N/A
Explosive(Clone) (UnityEngine.GameObject),BX(Clone) (UnityEngine.GameObject),308,0,1294,10,0,1,1,N/A,N/A
Lava_lvl_1(Clone) (UnityEngine.GameObject),LXL(Clone) (UnityEngine.GameObject),310,0,1294,2,0,0,0,N/A,N/A
Lava_lvl_1(Clone) (UnityEngine.GameObject),LXL(Clone) (UnityEngine.GameObject),310,0,1294,2,0,2,0,N/A,N/A
Explosive(Clone) (UnityEngine.GameObject),LXL(Clone) (UnityEngine.GameObject),310,0,1294,2,0,1,1,N/A,N/A
Lava_lvl_1(Clone) (UnityEngine.GameObject),BL(Clone) (UnityEngine.GameObject),313,0,1294,8,0,1,0,N/A,N/A
Box(Clone) (UnityEngine.GameObject),BL(Clone) (UnityEngine.GameObject),313,0,1294,8,0,0,1,N/A,N/A
Box(Clone) (UnityEngine.GameObject),B^BB(Clone) (UnityEngine.GameObject),315,0,1294,2,1,0,1,-1.331482,2.384797
Box(Clone) (UnityEngine.GameObject),B^BB(Clone) (UnityEngine.GameObject),315,0,1294,2,1,1,1,-1.196716,2.382716
Box(Clone) (UnityEngine.GameObject),B^BB(Clone) (UnityEngine.GameObject),315,0,1294,2,1,0,2,-1.331482,2.384797
Box(Clone) (UnityEngine.GameObject),B^X(Clone) (UnityEngine.GameObject),318,0,1294,6,1,0,1,-1.71698,0.7797825
Explosive(Clone) (UnityEngine.GameObject),B^X(Clone) (UnityEngine.GameObject),318,0,1294,6,0,0,2,N/A,N/A
Lava_lvl_1(Clone) (UnityEngine.GameObject),LXL(Clone) (UnityEngine.GameObject),319,0,1294,3,0,0,0,N/A,N/A
Lava_lvl_1(Clone) (UnityEngine.GameObject),LXL(Clone) (UnityEngine.GameObject),319,0,1294,3,0,2,0,N/A,N/A
Explosive(Clone) (UnityEngine.GameObject),LXL(Clone) (UnityEngine.GameObject),319,0,1294,3,0,1,1,N/A,N/A
Box(Clone) (UnityEngine.GameObject),BEB(Clone) (UnityEngine.GameObject),322,0,1294,4,1,0,1,-1.118896,2.383057
DroneEnemy(Clone) (UnityEngine.GameObject),BEB(Clone) (UnityEngine.GameObject),322,0,1294,4,1,1,1,-1.118896,2.383057
Box(Clone) (UnityEngine.GameObject),BEB(Clone) (UnityEngine.GameObject),322,0,1294,4,1,2,1,-0.05700684,1.7221
Lava_lvl_1(Clone) (UnityEngine.GameObject),EL(Clone) (UnityEngine.GameObject),325,0,1294,8,0,1,0,N/A,N/A
DroneEnemy(Clone) (UnityEngine.GameObject),EL(Clone) (UnityEngine.GameObject),325,0,1294,8,1,0,1,-2.37561,2.384721
Lava_lvl_1(Clone) (UnityEngine.GameObject),LLL(Clone) (UnityEngine.GameObject),327,0,1294,5,0,0,0,N/A,N/A
Lava_lvl_1(Clone) (UnityEngine.GameObject),LLL(Clone) (UnityEngine.GameObject),327,0,1294,5,0,1,0,N/A,N/A
Lava_lvl_1(Clone) (UnityEngine.GameObject),LLL(Clone) (UnityEngine.GameObject),327,0,1294,5,0,2,0,N/A,N/A
Lava_lvl_1(Clone) (UnityEngine.GameObject),LL(Clone) (UnityEngine.GameObject),330,0,1294,8,0,0,0,N/A,N/A
Lava_lvl_1(Clone) (UnityEngine.GameObject),LL(Clone) (UnityEngine.GameObject),330,0,1294,8,0,1,0,N/A,N/A
Lava_lvl_1(Clone) (UnityEngine.GameObject),LLB(Clone) (UnityEngine.GameObject),332,0,1294,4,0,0,0,N/A,N/A
Lava_lvl_1(Clone) (UnityEngine.GameObject),LLB(Clone) (UnityEngine.GameObject),332,0,1294,4,0,1,0,N/A,N/A
Box(Clone) (UnityEngine.GameObject),LLB(Clone) (UnityEngine.GameObject),332,0,1294,4,1,2,1,0.730835,2.383288
Box(Clone) (UnityEngine.GameObject),B^BB(Clone) (UnityEngine.GameObject),335,0,1294,3,1,0,1,-1.601257,2.212757
Box(Clone) (UnityEngine.GameObject),B^BB(Clone) (UnityEngine.GameObject),335,0,1294,3,1,1,1,-1.203735,2.368637
Box(Clone) (UnityEngine.GameObject),B^BB(Clone) (UnityEngine.GameObject),335,0,1294,3,1,0,2,-1.601257,2.212757
Box(Clone) (UnityEngine.GameObject),B^X(Clone) (UnityEngine.GameObject),338,0,1294,7,1,0,1,-1.721375,0.7797825
Explosive(Clone) (UnityEngine.GameObject),B^X(Clone) (UnityEngine.GameObject),338,0,1294,7,0,0,2,N/A,N/A
Lava_lvl_1(Clone) (UnityEngine.GameObject),LL(Clone) (UnityEngine.GameObject),339,0,1294,9,0,0,0,N/A,N/A
Lava_lvl_1(Clone) (UnityEngine.GameObject),LL(Clone) (UnityEngine.GameObject),339,0,1294,9,0,1,0,N/A,N/A
Lava_lvl_1(Clone) (UnityEngine.GameObject),LXL(Clone) (UnityEngine.GameObject),341,0,1294,4,0,0,0,N/A,N/A
Lava_lvl_1(Clone) (UnityEngine.GameObject),LXL(Clone) (UnityEngine.GameObject),341,0,1294,4,0,2,0,N/A,N/A
Explosive(Clone) (UnityEngine.GameObject),LXL(Clone) (UnityEngine.GameObject),341,0,1294,4,0,1,1,N/A,N/A
Lava_lvl_1(Clone) (UnityEngine.GameObject),LLB(Clone) (UnityEngine.GameObject),344,0,1294,5,0,0,0,N/A,N/A
Lava_lvl_1(Clone) (UnityEngine.GameObject),LLB(Clone) (UnityEngine.GameObject),344,0,1294,5,0,1,0,N/A,N/A
Box(Clone) (UnityEngine.GameObject),LLB(Clone) (UnityEngine.GameObject),344,0,1294,5,0,2,1,N/A,N/A
Lava_lvl_1(Clone) (UnityEngine.GameObject),LLL(Clone) (UnityEngine.GameObject),347,0,1294,6,0,0,0,N/A,N/A
Lava_lvl_1(Clone) (UnityEngine.GameObject),LLL(Clone) (UnityEngine.GameObject),347,0,1294,6,0,1,0,N/A,N/A
Lava_lvl_1(Clone) (UnityEngine.GameObject),LLL(Clone) (UnityEngine.GameObject),347,0,1294,6,0,2,0,N/A,N/A
Lava_lvl_1(Clone) (UnityEngine.GameObject),ELB(Clone) (UnityEngine.GameObject),350,0,1294,2,0,1,0,N/A,N/A
DroneEnemy(Clone) (UnityEngine.GameObject),ELB(Clone) (UnityEngine.GameObject),350,0,1294,2,1,0,1,-2.179749,1.545831
Bullet(Clone) (UnityEngine.GameObject),ELB(Clone) (UnityEngine.GameObject),350,0,1294,2,0,0,1,N/A,N/A
Box(Clone) (UnityEngine.GameObject),ELB(Clone) (UnityEngine.GameObject),350,0,1294,2,0,2,1,N/A,N/A
Lava_lvl_1(Clone) (UnityEngine.GameObject),LL(Clone) (UnityEngine.GameObject),353,0,1294,10,0,0,0,N/A,N/A
Lava_lvl_1(Clone) (UnityEngine.GameObject),LL(Clone) (UnityEngine.GameObject),353,0,1294,10,0,1,0,N/A,N/A
Box(Clone) (UnityEngine.GameObject),B^X(Clone) (UnityEngine.GameObject),355,0,1294,8,1,0,1,-1.66394,0.7797825
Explosive(Clone) (UnityEngine.GameObject),B^X(Clone) (UnityEngine.GameObject),355,0,1294,8,0,0,2,N/A,N/A
Box(Clone) (UnityEngine.GameObject),B^BB(Clone) (UnityEngine.GameObject),356,0,1294,4,1,0,1,-1.368469,2.146945
Box(Clone) (UnityEngine.GameObject),B^BB(Clone) (UnityEngine.GameObject),356,0,1294,4,1,1,1,-1.237244,2.22931
Box(Clone) (UnityEngine.GameObject),B^BB(Clone) (UnityEngine.GameObject),356,0,1294,4,1,0,2,-1.368469,2.146945
Lava_lvl_1(Clone) (UnityEngine.GameObject),EL(Clone) (UnityEngine.GameObject),359,0,1294,9,0,1,0,N/A,N/A
DroneEnemy(Clone) (UnityEngine.GameObject),EL(Clone) (UnityEngine.GameObject),359,0,1294,9,1,0,1,-2.285583,2.363429
Bullet(Clone) (UnityEngine.GameObject),EL(Clone) (UnityEngine.GameObject),359,0,1294,9,0,0,1,N/A,N/A
Lava_lvl_1(Clone) (UnityEngine.GameObject),LXL(Clone) (UnityEngine.GameObject),361,0,1294,5,0,0,0,N/A,N/A
Lava_lvl_1(Clone) (UnityEngine.GameObject),LXL(Clone) (UnityEngine.GameObject),361,0,1294,5,0,2,0,N/A,N/A
Explosive(Clone) (UnityEngine.GameObject),LXL(Clone) (UnityEngine.GameObject),361,0,1294,5,0,1,1,N/A,N/A
Lava_lvl_1(Clone) (UnityEngine.GameObject),LLB(Clone) (UnityEngine.GameObject),364,0,1294,6,0,0,0,N/A,N/A
Lava_lvl_1(Clone) (UnityEngine.GameObject),LLB(Clone) (UnityEngine.GameObject),364,0,1294,6,0,1,0,N/A,N/A
Box(Clone) (UnityEngine.GameObject),LLB(Clone) (UnityEngine.GameObject),364,0,1294,6,0,2,1,N/A,N/A
Lava_lvl_1(Clone) (UnityEngine.GameObject),LLB(Clone) (UnityEngine.GameObject),367,0,1294,7,0,0,0,N/A,N/A
Lava_lvl_1(Clone) (UnityEngine.GameObject),LLB(Clone) (UnityEngine.GameObject),367,0,1294,7,0,1,0,N/A,N/A
Box(Clone) (UnityEngine.GameObject),LLB(Clone) (UnityEngine.GameObject),367,0,1294,7,0,2,1,N/A,N/A
Lava_lvl_1(Clone) (UnityEngine.GameObject),LLB(Clone) (UnityEngine.GameObject),370,0,1294,8,0,0,0,N/A,N/A
Lava_lvl_1(Clone) (UnityEngine.GameObject),LLB(Clone) (UnityEngine.GameObject),370,0,1294,8,0,1,0,N/A,N/A
Box(Clone) (UnityEngine.GameObject),LLB(Clone) (UnityEngine.GameObject),370,0,1294,8,0,2,1,N/A,N/A
Box(Clone) (UnityEngine.GameObject),BEB(Clone) (UnityEngine.GameObject),373,0,1294,5,1,0,1,-1.076172,2.384793
DroneEnemy(Clone) (UnityEngine.GameObject),BEB(Clone) (UnityEngine.GameObject),373,0,1294,5,1,1,1,-1.076172,2.384793
Box(Clone) (UnityEngine.GameObject),BEB(Clone) (UnityEngine.GameObject),373,0,1294,5,1,2,1,-0.1474609,1.995462
Box(Clone) (UnityEngine.GameObject),B^X(Clone) (UnityEngine.GameObject),376,0,1294,9,1,0,1,-0.5330811,2.01933
Explosive(Clone) (UnityEngine.GameObject),B^X(Clone) (UnityEngine.GameObject),376,0,1294,9,-1,0,2,-0.9285889,1.597842
Box(Clone) (UnityEngine.GameObject),B^BB(Clone) (UnityEngine.GameObject),377,0,1294,5,1,0,1,-1.569336,0.7797825
Box(Clone) (UnityEngine.GameObject),B^BB(Clone) (UnityEngine.GameObject),377,0,1294,5,1,1,1,-0.7740479,0.7797825
Box(Clone) (UnityEngine.GameObject),B^BB(Clone) (UnityEngine.GameObject),377,0,1294,5,0,0,2,N/A,N/A
Lava_lvl_1(Clone) (UnityEngine.GameObject),ELB(Clone) (UnityEngine.GameObject),380,0,1294,3,0,1,0,N/A,N/A
DroneEnemy(Clone) (UnityEngine.GameObject),ELB(Clone) (UnityEngine.GameObject),380,0,1294,3,1,0,1,-2.339233,1.570894
Bullet(Clone) (UnityEngine.GameObject),ELB(Clone) (UnityEngine.GameObject),380,0,1294,3,-1,0,1,-1.810181,-0.2490841
Box(Clone) (UnityEngine.GameObject),ELB(Clone) (UnityEngine.GameObject),380,0,1294,3,0,2,1,N/A,N/A
Box(Clone) (UnityEngine.GameObject),B^X(Clone) (UnityEngine.GameObject),383,0,1294,10,1,0,1,-1.471313,0.7797689
Explosive(Clone) (UnityEngine.GameObject),B^X(Clone) (UnityEngine.GameObject),383,0,1294,10,0,0,2,N/A,N/A
Lava_lvl_1(Clone) (UnityEngine.GameObject),LLL(Clone) (UnityEngine.GameObject),384,0,1294,7,0,0,0,N/A,N/A
Lava_lvl_1(Clone) (UnityEngine.GameObject),LLL(Clone) (UnityEngine.GameObject),384,0,1294,7,0,1,0,N/A,N/A
Lava_lvl_1(Clone) (UnityEngine.GameObject),LLL(Clone) (UnityEngine.GameObject),384,0,1294,7,-1,2,0,2.332886,0.7292735
Lava_lvl_1(Clone) (UnityEngine.GameObject),LB(Clone) (UnityEngine.GameObject),387,0,1294,8,0,0,0,N/A,N/A
Box(Clone) (UnityEngine.GameObject),LB(Clone) (UnityEngine.GameObject),387,0,1294,8,1,1,1,-0.4348145,2.368798
Lava_lvl_1(Clone) (UnityEngine.GameObject),BL(Clone) (UnityEngine.GameObject),389,0,1294,9,0,1,0,N/A,N/A
Box(Clone) (UnityEngine.GameObject),BL(Clone) (UnityEngine.GameObject),389,0,1294,9,1,0,1,-1.809692,0.7797761
Lava_lvl_1(Clone) (UnityEngine.GameObject),LB(Clone) (UnityEngine.GameObject),391,0,1294,9,0,0,0,N/A,N/A
Box(Clone) (UnityEngine.GameObject),LB(Clone) (UnityEngine.GameObject),391,0,1294,9,1,1,1,-0.4262695,2.212789
Lava_lvl_1(Clone) (UnityEngine.GameObject),BL(Clone) (UnityEngine.GameObject),393,0,1294,10,0,1,0,N/A,N/A
Box(Clone) (UnityEngine.GameObject),BL(Clone) (UnityEngine.GameObject),393,0,1294,10,1,0,1,-1.798096,0.7797825
Lava_lvl_1(Clone) (UnityEngine.GameObject),ELB(Clone) (UnityEngine.GameObject),395,0,1294,4,0,1,0,N/A,N/A
DroneEnemy(Clone) (UnityEngine.GameObject),ELB(Clone) (UnityEngine.GameObject),395,0,1294,4,0,0,1,N/A,N/A
Box(Clone) (UnityEngine.GameObject),ELB(Clone) (UnityEngine.GameObject),395,0,1294,4,1,2,1,-0.2789307,0.7797825
Lava_lvl_1(Clone) (UnityEngine.GameObject),LLL(Clone) (UnityEngine.GameObject),398,0,1294,8,-1,0,0,-0.4013672,0.761813
Lava_lvl_1(Clone) (UnityEngine.GameObject),LLL(Clone) (UnityEngine.GameObject),398,0,1294,8,0,1,0,N/A,N/A
Lava_lvl_1(Clone) (UnityEngine.GameObject),LLL(Clone) (UnityEngine.GameObject),398,0,1294,8,0,2,0,N/A,N/A
Lava_lvl_1(Clone) (UnityEngine.GameObject),EL(Clone) (UnityEngine.GameObject),401,0,1294,10,0,1,0,N/A,N/A
DroneEnemy(Clone) (UnityEngine.GameObject),EL(Clone) (UnityEngine.GameObject),401,0,1294,10,1,0,1,-2.243774,2.349159
Lava_lvl_1(Clone) (UnityEngine.GameObject),LXL(Clone) (UnityEngine.GameObject),403,0,1294,6,0,0,0,N/A,N/A
Lava_lvl_1(Clone) (UnityEngine.GameObject),LXL(Clone) (UnityEngine.GameObject),403,0,1294,6,0,2,0,N/A,N/A
Explosive(Clone) (UnityEngine.GameObject),LXL(Clone) (UnityEngine.GameObject),403,0,1294,6,0,1,1,N/A,N/A
Box(Clone) (UnityEngine.GameObject),B^BB(Clone) (UnityEngine.GameObject),406,0,1294,6,1,0,1,-1.405273,2.382744
Box(Clone) (UnityEngine.GameObject),B^BB(Clone) (UnityEngine.GameObject),406,0,1294,6,1,1,1,-1.273315,2.363034
Box(Clone) (UnityEngine.GameObject),B^BB(Clone) (UnityEngine.GameObject),406,0,1294,6,1,0,2,-1.405273,2.382744
Box(Clone) (UnityEngine.GameObject),B^BB(Clone) (UnityEngine.GameObject),409,0,1294,7,1,0,1,-1.352661,1.962879
Box(Clone) (UnityEngine.GameObject),B^BB(Clone) (UnityEngine.GameObject),409,0,1294,7,1,1,1,-1.220093,1.741236
Box(Clone) (UnityEngine.GameObject),B^BB(Clone) (UnityEngine.GameObject),409,0,1294,7,1,0,2,-1.352661,1.962879
Lava_lvl_1(Clone) (UnityEngine.GameObject),LB(Clone) (UnityEngine.GameObject),412,0,1294,10,0,0,0,N/A,N/A
Box(Clone) (UnityEngine.GameObject),LB(Clone) (UnityEngine.GameObject),412,0,1294,10,0,1,1,N/A,N/A
Box(Clone) (UnityEngine.GameObject),BEB(Clone) (UnityEngine.GameObject),414,0,1294,6,1,0,1,-1.781616,2.384761
DroneEnemy(Clone) (UnityEngine.GameObject),BEB(Clone) (UnityEngine.GameObject),414,0,1294,6,1,1,1,-1.253418,2.270404
Bullet(Clone) (UnityEngine.GameObject),BEB(Clone) (UnityEngine.GameObject),414,0,1294,6,0,1,1,N/A,N/A
Box(Clone) (UnityEngine.GameObject),BEB(Clone) (UnityEngine.GameObject),414,0,1294,6,1,2,1,-0.1883545,1.135752
Lava_lvl_1(Clone) (UnityEngine.GameObject),LLB(Clone) (UnityEngine.GameObject),417,0,1294,9,0,0,0,N/A,N/A
Lava_lvl_1(Clone) (UnityEngine.GameObject),LLB(Clone) (UnityEngine.GameObject),417,0,1294,9,0,1,0,N/A,N/A
Box(Clone) (UnityEngine.GameObject),LLB(Clone) (UnityEngine.GameObject),417,0,1294,9,0,2,1,N/A,N/A
Box(Clone) (UnityEngine.GameObject),BEB(Clone) (UnityEngine.GameObject),420,0,1294,7,1,0,1,-0.692627,2.333945
DroneEnemy(Clone) (UnityEngine.GameObject),BEB(Clone) (UnityEngine.GameObject),420,0,1294,7,1,1,1,-0.692627,2.333945
Box(Clone) (UnityEngine.GameObject),BEB(Clone) (UnityEngine.GameObject),420,0,1294,7,1,2,1,-0.02978516,2.326833
Box(Clone) (UnityEngine.GameObject),B^BB(Clone) (UnityEngine.GameObject),423,0,1294,8,1,0,1,-2.270142,2.368644
Box(Clone) (UnityEngine.GameObject),B^BB(Clone) (UnityEngine.GameObject),423,0,1294,8,1,1,1,-1.209717,1.996453
Box(Clone) (UnityEngine.GameObject),B^BB(Clone) (UnityEngine.GameObject),423,0,1294,8,1,0,2,-2.270142,2.368644
Lava_lvl_1(Clone) (UnityEngine.GameObject),ELB(Clone) (UnityEngine.GameObject),426,0,1294,5,0,1,0,N/A,N/A
DroneEnemy(Clone) (UnityEngine.GameObject),ELB(Clone) (UnityEngine.GameObject),426,0,1294,5,1,0,1,-2.375122,1.076603
Bullet(Clone) (UnityEngine.GameObject),ELB(Clone) (UnityEngine.GameObject),426,0,1294,5,0,0,1,N/A,N/A
Box(Clone) (UnityEngine.GameObject),ELB(Clone) (UnityEngine.GameObject),426,0,1294,5,0,2,1,N/A,N/A
Box(Clone) (UnityEngine.GameObject),BEB(Clone) (UnityEngine.GameObject),429,0,1294,8,1,0,1,-0.8913574,2.363436
DroneEnemy(Clone) (UnityEngine.GameObject),BEB(Clone) (UnityEngine.GameObject),429,0,1294,8,1,1,1,-0.8913574,2.363436
Bullet(Clone) (UnityEngine.GameObject),BEB(Clone) (UnityEngine.GameObject),429,0,1294,8,0,1,1,N/A,N/A
Box(Clone) (UnityEngine.GameObject),BEB(Clone) (UnityEngine.GameObject),429,0,1294,8,1,2,1,-0.2241211,1.881838
Lava_lvl_1(Clone) (UnityEngine.GameObject),ELB(Clone) (UnityEngine.GameObject),432,0,1294,6,0,1,0,N/A,N/A
DroneEnemy(Clone) (UnityEngine.GameObject),ELB(Clone) (UnityEngine.GameObject),432,0,1294,6,1,0,1,-2.291016,2.307414
Box(Clone) (UnityEngine.GameObject),ELB(Clone) (UnityEngine.GameObject),432,0,1294,6,0,2,1,N/A,N/A
Lava_lvl_1(Clone) (UnityEngine.GameObject),ELB(Clone) (UnityEngine.GameObject),435,0,1294,7,-1,1,0,0.9307861,0.7503524
DroneEnemy(Clone) (UnityEngine.GameObject),ELB(Clone) (UnityEngine.GameObject),435,0,1294,7,0,0,1,N/A,N/A
Box(Clone) (UnityEngine.GameObject),ELB(Clone) (UnityEngine.GameObject),435,0,1294,7,1,2,1,-0.262207,2.270356
Lava_lvl_1(Clone) (UnityEngine.GameObject),ELB(Clone) (UnityEngine.GameObject),438,0,1294,8,0,1,0,N/A,N/A
DroneEnemy(Clone) (UnityEngine.GameObject),ELB(Clone) (UnityEngine.GameObject),438,0,1294,8,0,0,1,N/A,N/A
Bullet(Clone) (UnityEngine.GameObject),ELB(Clone) (UnityEngine.GameObject),438,0,1294,8,0,0,1,N/A,N/A
Box(Clone) (UnityEngine.GameObject),ELB(Clone) (UnityEngine.GameObject),438,0,1294,8,1,2,1,0.8305664,1.996468
Lava_lvl_1(Clone) (UnityEngine.GameObject),LLL(Clone) (UnityEngine.GameObject),441,0,1294,9,0,0,0,N/A,N/A
Lava_lvl_1(Clone) (UnityEngine.GameObject),LLL(Clone) (UnityEngine.GameObject),441,0,1294,9,0,1,0,N/A,N/A
Lava_lvl_1(Clone) (UnityEngine.GameObject),LLL(Clone) (UnityEngine.GameObject),441,0,1294,9,-1,2,0,2.478882,0.7789841
Lava_lvl_1(Clone) (UnityEngine.GameObject),LLL(Clone) (UnityEngine.GameObject),444,0,1294,10,0,0,0,N/A,N/A
Lava_lvl_1(Clone) (UnityEngine.GameObject),LLL(Clone) (UnityEngine.GameObject),444,0,1294,10,0,1,0,N/A,N/A
Lava_lvl_1(Clone) (UnityEngine.GameObject),LLL(Clone) (UnityEngine.GameObject),444,0,1294,10,0,2,0,N/A,N/A
Lava_lvl_1(Clone) (UnityEngine.GameObject),LLB(Clone) (UnityEngine.GameObject),447,0,1294,10,0,0,0,N/A,N/A
Lava_lvl_1(Clone) (UnityEngine.GameObject),LLB(Clone) (UnityEngine.GameObject),447,0,1294,10,0,1,0,N/A,N/A
Box(Clone) (UnityEngine.GameObject),LLB(Clone) (UnityEngine.GameObject),447,0,1294,10,0,2,1,N/A,N/A
Lava_lvl_1(Clone) (UnityEngine.GameObject),LXL(Clone) (UnityEngine.GameObject),450,0,1294,7,0,0,0,N/A,N/A
Lava_lvl_1(Clone) (UnityEngine.GameObject),LXL(Clone) (UnityEngine.GameObject),450,0,1294,7,0,2,0,N/A,N/A
Explosive(Clone) (UnityEngine.GameObject),LXL(Clone) (UnityEngine.GameObject),450,0,1294,7,0,1,1,N/A,N/A
Lava_lvl_1(Clone) (UnityEngine.GameObject),LXL(Clone) (UnityEngine.GameObject),453,0,1294,8,0,0,0,N/A,N/A
Lava_lvl_1(Clone) (UnityEngine.GameObject),LXL(Clone) (UnityEngine.GameObject),453,0,1294,8,0,2,0,N/A,N/A
Explosive(Clone) (UnityEngine.GameObject),LXL(Clone) (UnityEngine.GameObject),453,0,1294,8,0,1,1,N/A,N/A
Lava_lvl_1(Clone) (UnityEngine.GameObject),LXL(Clone) (UnityEngine.GameObject),456,0,1294,9,0,0,0,N/A,N/A
Lava_lvl_1(Clone) (UnityEngine.GameObject),LXL(Clone) (UnityEngine.GameObject),456,0,1294,9,0,2,0,N/A,N/A
Explosive(Clone) (UnityEngine.GameObject),LXL(Clone) (UnityEngine.GameObject),456,0,1294,9,0,1,1,N/A,N/A
Box(Clone) (UnityEngine.GameObject),BEB(Clone) (UnityEngine.GameObject),459,0,1294,9,1,0,1,-0.90271,2.282617
DroneEnemy(Clone) (UnityEngine.GameObject),BEB(Clone) (UnityEngine.GameObject),459,0,1294,9,1,1,1,-0.90271,2.282617
Bullet(Clone) (UnityEngine.GameObject),BEB(Clone) (UnityEngine.GameObject),459,0,1294,9,0,1,1,N/A,N/A
Box(Clone) (UnityEngine.GameObject),BEB(Clone) (UnityEngine.GameObject),459,0,1294,9,1,2,1,-0.2399902,2.363431
Box(Clone) (UnityEngine.GameObject),B^BB(Clone) (UnityEngine.GameObject),462,0,1294,9,1,0,1,-1.286377,2.363645
Box(Clone) (UnityEngine.GameObject),B^BB(Clone) (UnityEngine.GameObject),462,0,1294,9,1,1,1,-1.155029,2.326668
Box(Clone) (UnityEngine.GameObject),B^BB(Clone) (UnityEngine.GameObject),462,0,1294,9,1,0,2,-1.286377,2.363645
Lava_lvl_1(Clone) (UnityEngine.GameObject),ELB(Clone) (UnityEngine.GameObject),465,0,1294,9,0,1,0,N/A,N/A
DroneEnemy(Clone) (UnityEngine.GameObject),ELB(Clone) (UnityEngine.GameObject),465,0,1294,9,0,0,1,N/A,N/A
Box(Clone) (UnityEngine.GameObject),ELB(Clone) (UnityEngine.GameObject),465,0,1294,9,1,2,1,-0.1708984,1.418221
Box(Clone) (UnityEngine.GameObject),B^BB(Clone) (UnityEngine.GameObject),468,0,1294,10,0,0,1,N/A,N/A
Box(Clone) (UnityEngine.GameObject),B^BB(Clone) (UnityEngine.GameObject),468,0,1294,10,0,1,1,N/A,N/A
Box(Clone) (UnityEngine.GameObject),B^BB(Clone) (UnityEngine.GameObject),468,0,1294,10,-1,0,2,-0.9239502,2.35508
Lava_lvl_1(Clone) (UnityEngine.GameObject),ELB(Clone) (UnityEngine.GameObject),471,0,1294,10,0,1,0,N/A,N/A
DroneEnemy(Clone) (UnityEngine.GameObject),ELB(Clone) (UnityEngine.GameObject),471,0,1294,10,0,0,1,N/A,N/A
Bullet(Clone) (UnityEngine.GameObject),ELB(Clone) (UnityEngine.GameObject),471,0,1294,10,-1,0,1,-3.164429,-2.322479
Box(Clone) (UnityEngine.GameObject),ELB(Clone) (UnityEngine.GameObject),471,0,1294,10,0,2,1,N/A,N/A
Box(Clone) (UnityEngine.GameObject),BEB(Clone) (UnityEngine.GameObject),474,0,1294,10,1,0,1,-1.143311,2.285674
DroneEnemy(Clone) (UnityEngine.GameObject),BEB(Clone) (UnityEngine.GameObject),474,0,1294,10,1,1,1,-1.143311,2.285674
Box(Clone) (UnityEngine.GameObject),BEB(Clone) (UnityEngine.GameObject),474,0,1294,10,1,2,1,-0.2155762,2.265732
Lava_lvl_1(Clone) (UnityEngine.GameObject),LXL(Clone) (UnityEngine.GameObject),477,0,1294,10,0,0,0,N/A,N/A
Lava_lvl_1(Clone) (UnityEngine.GameObject),LXL(Clone) (UnityEngine.GameObject),477,0,1294,10,0,2,0,N/A,N/A
Explosive(Clone) (UnityEngine.GameObject),LXL(Clone) (UnityEngine.GameObject),477,0,1294,10,0,1,1,N/A,N/A
